1,Sherlock-0,BBC,blabla,thriller,12,1
2,Sherlock-1,BBC,blabla,thriller,12,1
3,Sherlock-2,BBC,blabla,thriller,12,1
4,Sherlock-3,BBC,blabla,thriller,12,1
5,Sherlock-4,BBC,blabla,thriller,12,1
6,Sherlock-5,BBC,blabla,thriller,12,1
7,Sherlock-6,BBC,blabla,thriller,12,1
8,Sherlock-7,BBC,blabla,thriller,12,1
9,Sherlock-8,BBC,blabla,thriller,12,1
10,Sherlock-9,BBC,blabla,thriller,12,1
11,Sherlock-10,BBC,blabla,thriller,12,1
12,Sherlock-11,BBC,blabla,thriller,12,1
13,Sherlock-12,BBC,blabla,thriller,12,1
14,Sherlock-13,BBC,blabla,thriller,12,1
15,Sherlock-14,BBC,blabla,thriller,12,1
16,Sherlock-15,BBC,blabla,thriller,12,1
17,Sherlock-16,BBC,blabla,thriller,12,1
18,Sherlock-17,BBC,blabla,thriller,12,1
19,Sherlock-18,BBC,blabla,thriller,12,1
20,Sherlock-19,BBC,blabla,thriller,12,1
21,Sherlock-20,BBC,blabla,thriller,12,1
22,Sherlock-21,BBC,blabla,thriller,12,1
23,Sherlock-22,BBC,blabla,thriller,12,1
24,Sherlock-23,BBC,blabla,thriller,12,1
25,Sherlock-24,BBC,blabla,thriller,12,1
26,Sherlock-25,BBC,blabla,thriller,12,1
27,Sherlock-26,BBC,blabla,thriller,12,1
28,Sherlock-27,BBC,blabla,thriller,12,1
29,Sherlock-28,BBC,blabla,thriller,12,1
30,Sherlock-29,BBC,blabla,thriller,12,1
31,Sherlock-30,BBC,blabla,thriller,12,1
32,Sherlock-31,BBC,blabla,thriller,12,1
33,Sherlock-32,BBC,blabla,thriller,12,1
34,Sherlock-33,BBC,blabla,thriller,12,1
35,Sherlock-34,BBC,blabla,thriller,12,1
36,Sherlock-35,BBC,blabla,thriller,12,1
37,Sherlock-36,BBC,blabla,thriller,12,1
38,Sherlock-37,BBC,blabla,thriller,12,1
39,Sherlock-38,BBC,blabla,thriller,12,1
40,Sherlock-39,BBC,blabla,thriller,12,1
41,Sherlock-40,BBC,blabla,thriller,12,1
42,Sherlock-41,BBC,blabla,thriller,12,1
43,Sherlock-42,BBC,blabla,thriller,12,1
44,Sherlock-43,BBC,blabla,thriller,12,1
45,Sherlock-44,BBC,blabla,thriller,12,1
46,Sherlock-45,BBC,blabla,thriller,12,1
47,Sherlock-46,BBC,blabla,thriller,12,1
48,Sherlock-47,BBC,blabla,thriller,12,1
49,Sherlock-48,BBC,blabla,thriller,12,1
50,Sherlock-49,BBC,blabla,thriller,12,1
51,Sherlock-50,BBC,blabla,thriller,12,1
52,Sherlock-51,BBC,blabla,thriller,12,1
53,Sherlock-52,BBC,blabla,thriller,12,1
54,Sherlock-53,BBC,blabla,thriller,12,1
55,Sherlock-54,BBC,blabla,thriller,12,1
56,Sherlock-55,BBC,blabla,thriller,12,1
57,Sherlock-56,BBC,blabla,thriller,12,1
58,Sherlock-57,BBC,blabla,thriller,12,1
59,Sherlock-58,BBC,blabla,thriller,12,1
60,Sherlock-59,BBC,blabla,thriller,12,1
61,Sherlock-60,BBC,blabla,thriller,12,1
62,Sherlock-61,BBC,blabla,thriller,12,1
63,Sherlock-62,BBC,blabla,thriller,12,1
64,Sherlock-63,BBC,blabla,thriller,12,1
65,Sherlock-64,BBC,blabla,thriller,12,1
66,Sherlock-65,BBC,blabla,thriller,12,1
67,Sherlock-66,BBC,blabla,thriller,12,1
68,Sherlock-67,BBC,blabla,thriller,12,1
69,Sherlock-68,BBC,blabla,thriller,12,1
70,Sherlock-69,BBC,blabla,thriller,12,1
71,Sherlock-70,BBC,blabla,thriller,12,1
72,Sherlock-71,BBC,blabla,thriller,12,1
73,Sherlock-72,BBC,blabla,thriller,12,1
74,Sherlock-73,BBC,blabla,thriller,12,1
75,Sherlock-74,BBC,blabla,thriller,12,1
76,Sherlock-75,BBC,blabla,thriller,12,1
77,Sherlock-76,BBC,blabla,thriller,12,1
78,Sherlock-77,BBC,blabla,thriller,12,1
79,Sherlock-78,BBC,blabla,thriller,12,1
80,Sherlock-79,BBC,blabla,thriller,12,1
81,Sherlock-80,BBC,blabla,thriller,12,1
82,Sherlock-81,BBC,blabla,thriller,12,1
83,Sherlock-82,BBC,blabla,thriller,12,1
84,Sherlock-83,BBC,blabla,thriller,12,1
85,Sherlock-84,BBC,blabla,thriller,12,1
86,Sherlock-85,BBC,blabla,thriller,12,1
87,Sherlock-86,BBC,blabla,thriller,12,1
88,Sherlock-87,BBC,blabla,thriller,12,1
89,Sherlock-88,BBC,blabla,thriller,12,1
90,Sherlock-89,BBC,blabla,thriller,12,1
91,Sherlock-90,BBC,blabla,thriller,12,1
92,Sherlock-91,BBC,blabla,thriller,12,1
93,Sherlock-92,BBC,blabla,thriller,12,1
94,Sherlock-93,BBC,blabla,thriller,12,1
95,Sherlock-94,BBC,blabla,thriller,12,1
96,Sherlock-95,BBC,blabla,thriller,12,1
97,Sherlock-96,BBC,blabla,thriller,12,1
98,Sherlock-97,BBC,blabla,thriller,12,1
99,Sherlock-98,BBC,blabla,thriller,12,1
100,Sherlock-99,BBC,blabla,thriller,12,1
101,Sherlock-100,BBC,blabla,thriller,12,1
102,Sherlock-101,BBC,blabla,thriller,12,1
103,Sherlock-102,BBC,blabla,thriller,12,1
104,Sherlock-103,BBC,blabla,thriller,12,1
105,Sherlock-104,BBC,blabla,thriller,12,1
106,Sherlock-105,BBC,blabla,thriller,12,1
107,Sherlock-106,BBC,blabla,thriller,12,1
108,Sherlock-107,BBC,blabla,thriller,12,1
109,Sherlock-108,BBC,blabla,thriller,12,1
110,Sherlock-109,BBC,blabla,thriller,12,1
111,Sherlock-110,BBC,blabla,thriller,12,1
112,Sherlock-111,BBC,blabla,thriller,12,1
113,Sherlock-112,BBC,blabla,thriller,12,1
114,Sherlock-113,BBC,blabla,thriller,12,1
115,Sherlock-114,BBC,blabla,thriller,12,1
116,Sherlock-115,BBC,blabla,thriller,12,1
117,Sherlock-116,BBC,blabla,thriller,12,1
118,Sherlock-117,BBC,blabla,thriller,12,1
119,Sherlock-118,BBC,blabla,thriller,12,1
120,Sherlock-119,BBC,blabla,thriller,12,1
121,Sherlock-120,BBC,blabla,thriller,12,1
122,Sherlock-121,BBC,blabla,thriller,12,1
123,Sherlock-122,BBC,blabla,thriller,12,1
124,Sherlock-123,BBC,blabla,thriller,12,1
125,Sherlock-124,BBC,blabla,thriller,12,1
126,Sherlock-125,BBC,blabla,thriller,12,1
127,Sherlock-126,BBC,blabla,thriller,12,1
128,Sherlock-127,BBC,blabla,thriller,12,1
129,Sherlock-128,BBC,blabla,thriller,12,1
130,Sherlock-129,BBC,blabla,thriller,12,1
131,Sherlock-130,BBC,blabla,thriller,12,1
132,Sherlock-131,BBC,blabla,thriller,12,1
133,Sherlock-132,BBC,blabla,thriller,12,1
134,Sherlock-133,BBC,blabla,thriller,12,1
135,Sherlock-134,BBC,blabla,thriller,12,1
136,Sherlock-135,BBC,blabla,thriller,12,1
137,Sherlock-136,BBC,blabla,thriller,12,1
138,Sherlock-137,BBC,blabla,thriller,12,1
139,Sherlock-138,BBC,blabla,thriller,12,1
140,Sherlock-139,BBC,blabla,thriller,12,1
141,Sherlock-140,BBC,blabla,thriller,12,1
142,Sherlock-141,BBC,blabla,thriller,12,1
143,Sherlock-142,BBC,blabla,thriller,12,1
144,Sherlock-143,BBC,blabla,thriller,12,1
145,Sherlock-144,BBC,blabla,thriller,12,1
146,Sherlock-145,BBC,blabla,thriller,12,1
147,Sherlock-146,BBC,blabla,thriller,12,1
148,Sherlock-147,BBC,blabla,thriller,12,1
149,Sherlock-148,BBC,blabla,thriller,12,1
150,Sherlock-149,BBC,blabla,thriller,12,1
151,Sherlock-150,BBC,blabla,thriller,12,1
152,Sherlock-151,BBC,blabla,thriller,12,1
153,Sherlock-152,BBC,blabla,thriller,12,1
154,Sherlock-153,BBC,blabla,thriller,12,1
155,Sherlock-154,BBC,blabla,thriller,12,1
156,Sherlock-155,BBC,blabla,thriller,12,1
157,Sherlock-156,BBC,blabla,thriller,12,1
158,Sherlock-157,BBC,blabla,thriller,12,1
159,Sherlock-158,BBC,blabla,thriller,12,1
160,Sherlock-159,BBC,blabla,thriller,12,1
161,Sherlock-160,BBC,blabla,thriller,12,1
162,Sherlock-161,BBC,blabla,thriller,12,1
163,Sherlock-162,BBC,blabla,thriller,12,1
164,Sherlock-163,BBC,blabla,thriller,12,1
165,Sherlock-164,BBC,blabla,thriller,12,1
166,Sherlock-165,BBC,blabla,thriller,12,1
167,Sherlock-166,BBC,blabla,thriller,12,1
168,Sherlock-167,BBC,blabla,thriller,12,1
169,Sherlock-168,BBC,blabla,thriller,12,1
170,Sherlock-169,BBC,blabla,thriller,12,1
171,Sherlock-170,BBC,blabla,thriller,12,1
172,Sherlock-171,BBC,blabla,thriller,12,1
173,Sherlock-172,BBC,blabla,thriller,12,1
174,Sherlock-173,BBC,blabla,thriller,12,1
175,Sherlock-174,BBC,blabla,thriller,12,1
176,Sherlock-175,BBC,blabla,thriller,12,1
177,Sherlock-176,BBC,blabla,thriller,12,1
178,Sherlock-177,BBC,blabla,thriller,12,1
179,Sherlock-178,BBC,blabla,thriller,12,1
180,Sherlock-179,BBC,blabla,thriller,12,1
181,Sherlock-180,BBC,blabla,thriller,12,1
182,Sherlock-181,BBC,blabla,thriller,12,1
183,Sherlock-182,BBC,blabla,thriller,12,1
184,Sherlock-183,BBC,blabla,thriller,12,1
185,Sherlock-184,BBC,blabla,thriller,12,1
186,Sherlock-185,BBC,blabla,thriller,12,1
187,Sherlock-186,BBC,blabla,thriller,12,1
188,Sherlock-187,BBC,blabla,thriller,12,1
189,Sherlock-188,BBC,blabla,thriller,12,1
190,Sherlock-189,BBC,blabla,thriller,12,1
191,Sherlock-190,BBC,blabla,thriller,12,1
192,Sherlock-191,BBC,blabla,thriller,12,1
193,Sherlock-192,BBC,blabla,thriller,12,1
194,Sherlock-193,BBC,blabla,thriller,12,1
195,Sherlock-194,BBC,blabla,thriller,12,1
196,Sherlock-195,BBC,blabla,thriller,12,1
197,Sherlock-196,BBC,blabla,thriller,12,1
198,Sherlock-197,BBC,blabla,thriller,12,1
199,Sherlock-198,BBC,blabla,thriller,12,1
200,Sherlock-199,BBC,blabla,thriller,12,1
201,Sherlock-200,BBC,blabla,thriller,12,1
202,Sherlock-201,BBC,blabla,thriller,12,1
203,Sherlock-202,BBC,blabla,thriller,12,1
204,Sherlock-203,BBC,blabla,thriller,12,1
205,Sherlock-204,BBC,blabla,thriller,12,1
206,Sherlock-205,BBC,blabla,thriller,12,1
207,Sherlock-206,BBC,blabla,thriller,12,1
208,Sherlock-207,BBC,blabla,thriller,12,1
209,Sherlock-208,BBC,blabla,thriller,12,1
210,Sherlock-209,BBC,blabla,thriller,12,1
211,Sherlock-210,BBC,blabla,thriller,12,1
212,Sherlock-211,BBC,blabla,thriller,12,1
213,Sherlock-212,BBC,blabla,thriller,12,1
214,Sherlock-213,BBC,blabla,thriller,12,1
215,Sherlock-214,BBC,blabla,thriller,12,1
216,Sherlock-215,BBC,blabla,thriller,12,1
217,Sherlock-216,BBC,blabla,thriller,12,1
218,Sherlock-217,BBC,blabla,thriller,12,1
219,Sherlock-218,BBC,blabla,thriller,12,1
220,Sherlock-219,BBC,blabla,thriller,12,1
221,Sherlock-220,BBC,blabla,thriller,12,1
222,Sherlock-221,BBC,blabla,thriller,12,1
223,Sherlock-222,BBC,blabla,thriller,12,1
224,Sherlock-223,BBC,blabla,thriller,12,1
225,Sherlock-224,BBC,blabla,thriller,12,1
226,Sherlock-225,BBC,blabla,thriller,12,1
227,Sherlock-226,BBC,blabla,thriller,12,1
228,Sherlock-227,BBC,blabla,thriller,12,1
229,Sherlock-228,BBC,blabla,thriller,12,1
230,Sherlock-229,BBC,blabla,thriller,12,1
231,Sherlock-230,BBC,blabla,thriller,12,1
232,Sherlock-231,BBC,blabla,thriller,12,1
233,Sherlock-232,BBC,blabla,thriller,12,1
234,Sherlock-233,BBC,blabla,thriller,12,1
235,Sherlock-234,BBC,blabla,thriller,12,1
236,Sherlock-235,BBC,blabla,thriller,12,1
237,Sherlock-236,BBC,blabla,thriller,12,1
238,Sherlock-237,BBC,blabla,thriller,12,1
239,Sherlock-238,BBC,blabla,thriller,12,1
240,Sherlock-239,BBC,blabla,thriller,12,1
241,Sherlock-240,BBC,blabla,thriller,12,1
242,Sherlock-241,BBC,blabla,thriller,12,1
243,Sherlock-242,BBC,blabla,thriller,12,1
244,Sherlock-243,BBC,blabla,thriller,12,1
245,Sherlock-244,BBC,blabla,thriller,12,1
246,Sherlock-245,BBC,blabla,thriller,12,1
247,Sherlock-246,BBC,blabla,thriller,12,1
248,Sherlock-247,BBC,blabla,thriller,12,1
249,Sherlock-248,BBC,blabla,thriller,12,1
250,Sherlock-249,BBC,blabla,thriller,12,1
251,Sherlock-250,BBC,blabla,thriller,12,1
252,Sherlock-251,BBC,blabla,thriller,12,1
253,Sherlock-252,BBC,blabla,thriller,12,1
254,Sherlock-253,BBC,blabla,thriller,12,1
255,Sherlock-254,BBC,blabla,thriller,12,1
256,Sherlock-255,BBC,blabla,thriller,12,1
257,Sherlock-256,BBC,blabla,thriller,12,1
258,Sherlock-257,BBC,blabla,thriller,12,1
259,Sherlock-258,BBC,blabla,thriller,12,1
260,Sherlock-259,BBC,blabla,thriller,12,1
261,Sherlock-260,BBC,blabla,thriller,12,1
262,Sherlock-261,BBC,blabla,thriller,12,1
263,Sherlock-262,BBC,blabla,thriller,12,1
264,Sherlock-263,BBC,blabla,thriller,12,1
265,Sherlock-264,BBC,blabla,thriller,12,1
266,Sherlock-265,BBC,blabla,thriller,12,1
267,Sherlock-266,BBC,blabla,thriller,12,1
268,Sherlock-267,BBC,blabla,thriller,12,1
269,Sherlock-268,BBC,blabla,thriller,12,1
270,Sherlock-269,BBC,blabla,thriller,12,1
271,Sherlock-270,BBC,blabla,thriller,12,1
272,Sherlock-271,BBC,blabla,thriller,12,1
273,Sherlock-272,BBC,blabla,thriller,12,1
274,Sherlock-273,BBC,blabla,thriller,12,1
275,Sherlock-274,BBC,blabla,thriller,12,1
276,Sherlock-275,BBC,blabla,thriller,12,1
277,Sherlock-276,BBC,blabla,thriller,12,1
278,Sherlock-277,BBC,blabla,thriller,12,1
279,Sherlock-278,BBC,blabla,thriller,12,1
280,Sherlock-279,BBC,blabla,thriller,12,1
281,Sherlock-280,BBC,blabla,thriller,12,1
282,Sherlock-281,BBC,blabla,thriller,12,1
283,Sherlock-282,BBC,blabla,thriller,12,1
284,Sherlock-283,BBC,blabla,thriller,12,1
285,Sherlock-284,BBC,blabla,thriller,12,1
286,Sherlock-285,BBC,blabla,thriller,12,1
287,Sherlock-286,BBC,blabla,thriller,12,1
288,Sherlock-287,BBC,blabla,thriller,12,1
289,Sherlock-288,BBC,blabla,thriller,12,1
290,Sherlock-289,BBC,blabla,thriller,12,1
291,Sherlock-290,BBC,blabla,thriller,12,1
292,Sherlock-291,BBC,blabla,thriller,12,1
293,Sherlock-292,BBC,blabla,thriller,12,1
294,Sherlock-293,BBC,blabla,thriller,12,1
295,Sherlock-294,BBC,blabla,thriller,12,1
296,Sherlock-295,BBC,blabla,thriller,12,1
297,Sherlock-296,BBC,blabla,thriller,12,1
298,Sherlock-297,BBC,blabla,thriller,12,1
299,Sherlock-298,BBC,blabla,thriller,12,1
300,Sherlock-299,BBC,blabla,thriller,12,1
301,Sherlock-300,BBC,blabla,thriller,12,1
302,Sherlock-301,BBC,blabla,thriller,12,1
303,Sherlock-302,BBC,blabla,thriller,12,1
304,Sherlock-303,BBC,blabla,thriller,12,1
305,Sherlock-304,BBC,blabla,thriller,12,1
306,Sherlock-305,BBC,blabla,thriller,12,1
307,Sherlock-306,BBC,blabla,thriller,12,1
308,Sherlock-307,BBC,blabla,thriller,12,1
309,Sherlock-308,BBC,blabla,thriller,12,1
310,Sherlock-309,BBC,blabla,thriller,12,1
311,Sherlock-310,BBC,blabla,thriller,12,1
312,Sherlock-311,BBC,blabla,thriller,12,1
313,Sherlock-312,BBC,blabla,thriller,12,1
314,Sherlock-313,BBC,blabla,thriller,12,1
315,Sherlock-314,BBC,blabla,thriller,12,1
316,Sherlock-315,BBC,blabla,thriller,12,1
317,Sherlock-316,BBC,blabla,thriller,12,1
318,Sherlock-317,BBC,blabla,thriller,12,1
319,Sherlock-318,BBC,blabla,thriller,12,1
320,Sherlock-319,BBC,blabla,thriller,12,1
321,Sherlock-320,BBC,blabla,thriller,12,1
322,Sherlock-321,BBC,blabla,thriller,12,1
323,Sherlock-322,BBC,blabla,thriller,12,1
324,Sherlock-323,BBC,blabla,thriller,12,1
325,Sherlock-324,BBC,blabla,thriller,12,1
326,Sherlock-325,BBC,blabla,thriller,12,1
327,Sherlock-326,BBC,blabla,thriller,12,1
328,Sherlock-327,BBC,blabla,thriller,12,1
329,Sherlock-328,BBC,blabla,thriller,12,1
330,Sherlock-329,BBC,blabla,thriller,12,1
331,Sherlock-330,BBC,blabla,thriller,12,1
332,Sherlock-331,BBC,blabla,thriller,12,1
333,Sherlock-332,BBC,blabla,thriller,12,1
334,Sherlock-333,BBC,blabla,thriller,12,1
335,Sherlock-334,BBC,blabla,thriller,12,1
336,Sherlock-335,BBC,blabla,thriller,12,1
337,Sherlock-336,BBC,blabla,thriller,12,1
338,Sherlock-337,BBC,blabla,thriller,12,1
339,Sherlock-338,BBC,blabla,thriller,12,1
340,Sherlock-339,BBC,blabla,thriller,12,1
341,Sherlock-340,BBC,blabla,thriller,12,1
342,Sherlock-341,BBC,blabla,thriller,12,1
343,Sherlock-342,BBC,blabla,thriller,12,1
344,Sherlock-343,BBC,blabla,thriller,12,1
345,Sherlock-344,BBC,blabla,thriller,12,1
346,Sherlock-345,BBC,blabla,thriller,12,1
347,Sherlock-346,BBC,blabla,thriller,12,1
348,Sherlock-347,BBC,blabla,thriller,12,1
349,Sherlock-348,BBC,blabla,thriller,12,1
350,Sherlock-349,BBC,blabla,thriller,12,1
351,Sherlock-350,BBC,blabla,thriller,12,1
352,Sherlock-351,BBC,blabla,thriller,12,1
353,Sherlock-352,BBC,blabla,thriller,12,1
354,Sherlock-353,BBC,blabla,thriller,12,1
355,Sherlock-354,BBC,blabla,thriller,12,1
356,Sherlock-355,BBC,blabla,thriller,12,1
357,Sherlock-356,BBC,blabla,thriller,12,1
358,Sherlock-357,BBC,blabla,thriller,12,1
359,Sherlock-358,BBC,blabla,thriller,12,1
360,Sherlock-359,BBC,blabla,thriller,12,1
361,Sherlock-360,BBC,blabla,thriller,12,1
362,Sherlock-361,BBC,blabla,thriller,12,1
363,Sherlock-362,BBC,blabla,thriller,12,1
364,Sherlock-363,BBC,blabla,thriller,12,1
365,Sherlock-364,BBC,blabla,thriller,12,1
366,Sherlock-365,BBC,blabla,thriller,12,1
367,Sherlock-366,BBC,blabla,thriller,12,1
368,Sherlock-367,BBC,blabla,thriller,12,1
369,Sherlock-368,BBC,blabla,thriller,12,1
370,Sherlock-369,BBC,blabla,thriller,12,1
371,Sherlock-370,BBC,blabla,thriller,12,1
372,Sherlock-371,BBC,blabla,thriller,12,1
373,Sherlock-372,BBC,blabla,thriller,12,1
374,Sherlock-373,BBC,blabla,thriller,12,1
375,Sherlock-374,BBC,blabla,thriller,12,1
376,Sherlock-375,BBC,blabla,thriller,12,1
377,Sherlock-376,BBC,blabla,thriller,12,1
378,Sherlock-377,BBC,blabla,thriller,12,1
379,Sherlock-378,BBC,blabla,thriller,12,1
380,Sherlock-379,BBC,blabla,thriller,12,1
381,Sherlock-380,BBC,blabla,thriller,12,1
382,Sherlock-381,BBC,blabla,thriller,12,1
383,Sherlock-382,BBC,blabla,thriller,12,1
384,Sherlock-383,BBC,blabla,thriller,12,1
385,Sherlock-384,BBC,blabla,thriller,12,1
386,Sherlock-385,BBC,blabla,thriller,12,1
387,Sherlock-386,BBC,blabla,thriller,12,1
388,Sherlock-387,BBC,blabla,thriller,12,1
389,Sherlock-388,BBC,blabla,thriller,12,1
390,Sherlock-389,BBC,blabla,thriller,12,1
391,Sherlock-390,BBC,blabla,thriller,12,1
392,Sherlock-391,BBC,blabla,thriller,12,1
393,Sherlock-392,BBC,blabla,thriller,12,1
394,Sherlock-393,BBC,blabla,thriller,12,1
395,Sherlock-394,BBC,blabla,thriller,12,1
396,Sherlock-395,BBC,blabla,thriller,12,1
397,Sherlock-396,BBC,blabla,thriller,12,1
398,Sherlock-397,BBC,blabla,thriller,12,1
399,Sherlock-398,BBC,blabla,thriller,12,1
400,Sherlock-399,BBC,blabla,thriller,12,1
401,Sherlock-400,BBC,blabla,thriller,12,1
402,Sherlock-401,BBC,blabla,thriller,12,1
403,Sherlock-402,BBC,blabla,thriller,12,1
404,Sherlock-403,BBC,blabla,thriller,12,1
405,Sherlock-404,BBC,blabla,thriller,12,1
406,Sherlock-405,BBC,blabla,thriller,12,1
407,Sherlock-406,BBC,blabla,thriller,12,1
408,Sherlock-407,BBC,blabla,thriller,12,1
409,Sherlock-408,BBC,blabla,thriller,12,1
410,Sherlock-409,BBC,blabla,thriller,12,1
411,Sherlock-410,BBC,blabla,thriller,12,1
412,Sherlock-411,BBC,blabla,thriller,12,1
413,Sherlock-412,BBC,blabla,thriller,12,1
414,Sherlock-413,BBC,blabla,thriller,12,1
415,Sherlock-414,BBC,blabla,thriller,12,1
416,Sherlock-415,BBC,blabla,thriller,12,1
417,Sherlock-416,BBC,blabla,thriller,12,1
418,Sherlock-417,BBC,blabla,thriller,12,1
419,Sherlock-418,BBC,blabla,thriller,12,1
420,Sherlock-419,BBC,blabla,thriller,12,1
421,Sherlock-420,BBC,blabla,thriller,12,1
422,Sherlock-421,BBC,blabla,thriller,12,1
423,Sherlock-422,BBC,blabla,thriller,12,1
424,Sherlock-423,BBC,blabla,thriller,12,1
425,Sherlock-424,BBC,blabla,thriller,12,1
426,Sherlock-425,BBC,blabla,thriller,12,1
427,Sherlock-426,BBC,blabla,thriller,12,1
428,Sherlock-427,BBC,blabla,thriller,12,1
429,Sherlock-428,BBC,blabla,thriller,12,1
430,Sherlock-429,BBC,blabla,thriller,12,1
431,Sherlock-430,BBC,blabla,thriller,12,1
432,Sherlock-431,BBC,blabla,thriller,12,1
433,Sherlock-432,BBC,blabla,thriller,12,1
434,Sherlock-433,BBC,blabla,thriller,12,1
435,Sherlock-434,BBC,blabla,thriller,12,1
436,Sherlock-435,BBC,blabla,thriller,12,1
437,Sherlock-436,BBC,blabla,thriller,12,1
438,Sherlock-437,BBC,blabla,thriller,12,1
439,Sherlock-438,BBC,blabla,thriller,12,1
440,Sherlock-439,BBC,blabla,thriller,12,1
441,Sherlock-440,BBC,blabla,thriller,12,1
442,Sherlock-441,BBC,blabla,thriller,12,1
443,Sherlock-442,BBC,blabla,thriller,12,1
444,Sherlock-443,BBC,blabla,thriller,12,1
445,Sherlock-444,BBC,blabla,thriller,12,1
446,Sherlock-445,BBC,blabla,thriller,12,1
447,Sherlock-446,BBC,blabla,thriller,12,1
448,Sherlock-447,BBC,blabla,thriller,12,1
449,Sherlock-448,BBC,blabla,thriller,12,1
450,Sherlock-449,BBC,blabla,thriller,12,1
451,Sherlock-450,BBC,blabla,thriller,12,1
452,Sherlock-451,BBC,blabla,thriller,12,1
453,Sherlock-452,BBC,blabla,thriller,12,1
454,Sherlock-453,BBC,blabla,thriller,12,1
455,Sherlock-454,BBC,blabla,thriller,12,1
456,Sherlock-455,BBC,blabla,thriller,12,1
457,Sherlock-456,BBC,blabla,thriller,12,1
458,Sherlock-457,BBC,blabla,thriller,12,1
459,Sherlock-458,BBC,blabla,thriller,12,1
460,Sherlock-459,BBC,blabla,thriller,12,1
461,Sherlock-460,BBC,blabla,thriller,12,1
462,Sherlock-461,BBC,blabla,thriller,12,1
463,Sherlock-462,BBC,blabla,thriller,12,1
464,Sherlock-463,BBC,blabla,thriller,12,1
465,Sherlock-464,BBC,blabla,thriller,12,1
466,Sherlock-465,BBC,blabla,thriller,12,1
467,Sherlock-466,BBC,blabla,thriller,12,1
468,Sherlock-467,BBC,blabla,thriller,12,1
469,Sherlock-468,BBC,blabla,thriller,12,1
470,Sherlock-469,BBC,blabla,thriller,12,1
471,Sherlock-470,BBC,blabla,thriller,12,1
472,Sherlock-471,BBC,blabla,thriller,12,1
473,Sherlock-472,BBC,blabla,thriller,12,1
474,Sherlock-473,BBC,blabla,thriller,12,1
475,Sherlock-474,BBC,blabla,thriller,12,1
476,Sherlock-475,BBC,blabla,thriller,12,1
477,Sherlock-476,BBC,blabla,thriller,12,1
478,Sherlock-477,BBC,blabla,thriller,12,1
479,Sherlock-478,BBC,blabla,thriller,12,1
480,Sherlock-479,BBC,blabla,thriller,12,1
481,Sherlock-480,BBC,blabla,thriller,12,1
482,Sherlock-481,BBC,blabla,thriller,12,1
483,Sherlock-482,BBC,blabla,thriller,12,1
484,Sherlock-483,BBC,blabla,thriller,12,1
485,Sherlock-484,BBC,blabla,thriller,12,1
486,Sherlock-485,BBC,blabla,thriller,12,1
487,Sherlock-486,BBC,blabla,thriller,12,1
488,Sherlock-487,BBC,blabla,thriller,12,1
489,Sherlock-488,BBC,blabla,thriller,12,1
490,Sherlock-489,BBC,blabla,thriller,12,1
491,Sherlock-490,BBC,blabla,thriller,12,1
492,Sherlock-491,BBC,blabla,thriller,12,1
493,Sherlock-492,BBC,blabla,thriller,12,1
494,Sherlock-493,BBC,blabla,thriller,12,1
495,Sherlock-494,BBC,blabla,thriller,12,1
496,Sherlock-495,BBC,blabla,thriller,12,1
497,Sherlock-496,BBC,blabla,thriller,12,1
498,Sherlock-497,BBC,blabla,thriller,12,1
499,Sherlock-498,BBC,blabla,thriller,12,1
500,Sherlock-499,BBC,blabla,thriller,12,1
501,Sherlock-500,BBC,blabla,thriller,12,1
502,Sherlock-501,BBC,blabla,thriller,12,1
503,Sherlock-502,BBC,blabla,thriller,12,1
504,Sherlock-503,BBC,blabla,thriller,12,1
505,Sherlock-504,BBC,blabla,thriller,12,1
506,Sherlock-505,BBC,blabla,thriller,12,1
507,Sherlock-506,BBC,blabla,thriller,12,1
508,Sherlock-507,BBC,blabla,thriller,12,1
509,Sherlock-508,BBC,blabla,thriller,12,1
510,Sherlock-509,BBC,blabla,thriller,12,1
511,Sherlock-510,BBC,blabla,thriller,12,1
512,Sherlock-511,BBC,blabla,thriller,12,1
513,Sherlock-512,BBC,blabla,thriller,12,1
514,Sherlock-513,BBC,blabla,thriller,12,1
515,Sherlock-514,BBC,blabla,thriller,12,1
516,Sherlock-515,BBC,blabla,thriller,12,1
517,Sherlock-516,BBC,blabla,thriller,12,1
518,Sherlock-517,BBC,blabla,thriller,12,1
519,Sherlock-518,BBC,blabla,thriller,12,1
520,Sherlock-519,BBC,blabla,thriller,12,1
521,Sherlock-520,BBC,blabla,thriller,12,1
522,Sherlock-521,BBC,blabla,thriller,12,1
523,Sherlock-522,BBC,blabla,thriller,12,1
524,Sherlock-523,BBC,blabla,thriller,12,1
525,Sherlock-524,BBC,blabla,thriller,12,1
526,Sherlock-525,BBC,blabla,thriller,12,1
527,Sherlock-526,BBC,blabla,thriller,12,1
528,Sherlock-527,BBC,blabla,thriller,12,1
529,Sherlock-528,BBC,blabla,thriller,12,1
530,Sherlock-529,BBC,blabla,thriller,12,1
531,Sherlock-530,BBC,blabla,thriller,12,1
532,Sherlock-531,BBC,blabla,thriller,12,1
533,Sherlock-532,BBC,blabla,thriller,12,1
534,Sherlock-533,BBC,blabla,thriller,12,1
535,Sherlock-534,BBC,blabla,thriller,12,1
536,Sherlock-535,BBC,blabla,thriller,12,1
537,Sherlock-536,BBC,blabla,thriller,12,1
538,Sherlock-537,BBC,blabla,thriller,12,1
539,Sherlock-538,BBC,blabla,thriller,12,1
540,Sherlock-539,BBC,blabla,thriller,12,1
541,Sherlock-540,BBC,blabla,thriller,12,1
542,Sherlock-541,BBC,blabla,thriller,12,1
543,Sherlock-542,BBC,blabla,thriller,12,1
544,Sherlock-543,BBC,blabla,thriller,12,1
545,Sherlock-544,BBC,blabla,thriller,12,1
546,Sherlock-545,BBC,blabla,thriller,12,1
547,Sherlock-546,BBC,blabla,thriller,12,1
548,Sherlock-547,BBC,blabla,thriller,12,1
549,Sherlock-548,BBC,blabla,thriller,12,1
550,Sherlock-549,BBC,blabla,thriller,12,1
551,Sherlock-550,BBC,blabla,thriller,12,1
552,Sherlock-551,BBC,blabla,thriller,12,1
553,Sherlock-552,BBC,blabla,thriller,12,1
554,Sherlock-553,BBC,blabla,thriller,12,1
555,Sherlock-554,BBC,blabla,thriller,12,1
556,Sherlock-555,BBC,blabla,thriller,12,1
557,Sherlock-556,BBC,blabla,thriller,12,1
558,Sherlock-557,BBC,blabla,thriller,12,1
559,Sherlock-558,BBC,blabla,thriller,12,1
560,Sherlock-559,BBC,blabla,thriller,12,1
561,Sherlock-560,BBC,blabla,thriller,12,1
562,Sherlock-561,BBC,blabla,thriller,12,1
563,Sherlock-562,BBC,blabla,thriller,12,1
564,Sherlock-563,BBC,blabla,thriller,12,1
565,Sherlock-564,BBC,blabla,thriller,12,1
566,Sherlock-565,BBC,blabla,thriller,12,1
567,Sherlock-566,BBC,blabla,thriller,12,1
568,Sherlock-567,BBC,blabla,thriller,12,1
569,Sherlock-568,BBC,blabla,thriller,12,1
570,Sherlock-569,BBC,blabla,thriller,12,1
571,Sherlock-570,BBC,blabla,thriller,12,1
572,Sherlock-571,BBC,blabla,thriller,12,1
573,Sherlock-572,BBC,blabla,thriller,12,1
574,Sherlock-573,BBC,blabla,thriller,12,1
575,Sherlock-574,BBC,blabla,thriller,12,1
576,Sherlock-575,BBC,blabla,thriller,12,1
577,Sherlock-576,BBC,blabla,thriller,12,1
578,Sherlock-577,BBC,blabla,thriller,12,1
579,Sherlock-578,BBC,blabla,thriller,12,1
580,Sherlock-579,BBC,blabla,thriller,12,1
581,Sherlock-580,BBC,blabla,thriller,12,1
582,Sherlock-581,BBC,blabla,thriller,12,1
583,Sherlock-582,BBC,blabla,thriller,12,1
584,Sherlock-583,BBC,blabla,thriller,12,1
585,Sherlock-584,BBC,blabla,thriller,12,1
586,Sherlock-585,BBC,blabla,thriller,12,1
587,Sherlock-586,BBC,blabla,thriller,12,1
588,Sherlock-587,BBC,blabla,thriller,12,1
589,Sherlock-588,BBC,blabla,thriller,12,1
590,Sherlock-589,BBC,blabla,thriller,12,1
591,Sherlock-590,BBC,blabla,thriller,12,1
592,Sherlock-591,BBC,blabla,thriller,12,1
593,Sherlock-592,BBC,blabla,thriller,12,1
594,Sherlock-593,BBC,blabla,thriller,12,1
595,Sherlock-594,BBC,blabla,thriller,12,1
596,Sherlock-595,BBC,blabla,thriller,12,1
597,Sherlock-596,BBC,blabla,thriller,12,1
598,Sherlock-597,BBC,blabla,thriller,12,1
599,Sherlock-598,BBC,blabla,thriller,12,1
600,Sherlock-599,BBC,blabla,thriller,12,1
601,Sherlock-600,BBC,blabla,thriller,12,1
602,Sherlock-601,BBC,blabla,thriller,12,1
603,Sherlock-602,BBC,blabla,thriller,12,1
604,Sherlock-603,BBC,blabla,thriller,12,1
605,Sherlock-604,BBC,blabla,thriller,12,1
606,Sherlock-605,BBC,blabla,thriller,12,1
607,Sherlock-606,BBC,blabla,thriller,12,1
608,Sherlock-607,BBC,blabla,thriller,12,1
609,Sherlock-608,BBC,blabla,thriller,12,1
610,Sherlock-609,BBC,blabla,thriller,12,1
611,Sherlock-610,BBC,blabla,thriller,12,1
612,Sherlock-611,BBC,blabla,thriller,12,1
613,Sherlock-612,BBC,blabla,thriller,12,1
614,Sherlock-613,BBC,blabla,thriller,12,1
615,Sherlock-614,BBC,blabla,thriller,12,1
616,Sherlock-615,BBC,blabla,thriller,12,1
617,Sherlock-616,BBC,blabla,thriller,12,1
618,Sherlock-617,BBC,blabla,thriller,12,1
619,Sherlock-618,BBC,blabla,thriller,12,1
620,Sherlock-619,BBC,blabla,thriller,12,1
621,Sherlock-620,BBC,blabla,thriller,12,1
622,Sherlock-621,BBC,blabla,thriller,12,1
623,Sherlock-622,BBC,blabla,thriller,12,1
624,Sherlock-623,BBC,blabla,thriller,12,1
625,Sherlock-624,BBC,blabla,thriller,12,1
626,Sherlock-625,BBC,blabla,thriller,12,1
627,Sherlock-626,BBC,blabla,thriller,12,1
628,Sherlock-627,BBC,blabla,thriller,12,1
629,Sherlock-628,BBC,blabla,thriller,12,1
630,Sherlock-629,BBC,blabla,thriller,12,1
631,Sherlock-630,BBC,blabla,thriller,12,1
632,Sherlock-631,BBC,blabla,thriller,12,1
633,Sherlock-632,BBC,blabla,thriller,12,1
634,Sherlock-633,BBC,blabla,thriller,12,1
635,Sherlock-634,BBC,blabla,thriller,12,1
636,Sherlock-635,BBC,blabla,thriller,12,1
637,Sherlock-636,BBC,blabla,thriller,12,1
638,Sherlock-637,BBC,blabla,thriller,12,1
639,Sherlock-638,BBC,blabla,thriller,12,1
640,Sherlock-639,BBC,blabla,thriller,12,1
641,Sherlock-640,BBC,blabla,thriller,12,1
642,Sherlock-641,BBC,blabla,thriller,12,1
643,Sherlock-642,BBC,blabla,thriller,12,1
644,Sherlock-643,BBC,blabla,thriller,12,1
645,Sherlock-644,BBC,blabla,thriller,12,1
646,Sherlock-645,BBC,blabla,thriller,12,1
647,Sherlock-646,BBC,blabla,thriller,12,1
648,Sherlock-647,BBC,blabla,thriller,12,1
649,Sherlock-648,BBC,blabla,thriller,12,1
650,Sherlock-649,BBC,blabla,thriller,12,1
651,Sherlock-650,BBC,blabla,thriller,12,1
652,Sherlock-651,BBC,blabla,thriller,12,1
653,Sherlock-652,BBC,blabla,thriller,12,1
654,Sherlock-653,BBC,blabla,thriller,12,1
655,Sherlock-654,BBC,blabla,thriller,12,1
656,Sherlock-655,BBC,blabla,thriller,12,1
657,Sherlock-656,BBC,blabla,thriller,12,1
658,Sherlock-657,BBC,blabla,thriller,12,1
659,Sherlock-658,BBC,blabla,thriller,12,1
660,Sherlock-659,BBC,blabla,thriller,12,1
661,Sherlock-660,BBC,blabla,thriller,12,1
662,Sherlock-661,BBC,blabla,thriller,12,1
663,Sherlock-662,BBC,blabla,thriller,12,1
664,Sherlock-663,BBC,blabla,thriller,12,1
665,Sherlock-664,BBC,blabla,thriller,12,1
666,Sherlock-665,BBC,blabla,thriller,12,1
667,Sherlock-666,BBC,blabla,thriller,12,1
668,Sherlock-667,BBC,blabla,thriller,12,1
669,Sherlock-668,BBC,blabla,thriller,12,1
670,Sherlock-669,BBC,blabla,thriller,12,1
671,Sherlock-670,BBC,blabla,thriller,12,1
672,Sherlock-671,BBC,blabla,thriller,12,1
673,Sherlock-672,BBC,blabla,thriller,12,1
674,Sherlock-673,BBC,blabla,thriller,12,1
675,Sherlock-674,BBC,blabla,thriller,12,1
676,Sherlock-675,BBC,blabla,thriller,12,1
677,Sherlock-676,BBC,blabla,thriller,12,1
678,Sherlock-677,BBC,blabla,thriller,12,1
679,Sherlock-678,BBC,blabla,thriller,12,1
680,Sherlock-679,BBC,blabla,thriller,12,1
681,Sherlock-680,BBC,blabla,thriller,12,1
682,Sherlock-681,BBC,blabla,thriller,12,1
683,Sherlock-682,BBC,blabla,thriller,12,1
684,Sherlock-683,BBC,blabla,thriller,12,1
685,Sherlock-684,BBC,blabla,thriller,12,1
686,Sherlock-685,BBC,blabla,thriller,12,1
687,Sherlock-686,BBC,blabla,thriller,12,1
688,Sherlock-687,BBC,blabla,thriller,12,1
689,Sherlock-688,BBC,blabla,thriller,12,1
690,Sherlock-689,BBC,blabla,thriller,12,1
691,Sherlock-690,BBC,blabla,thriller,12,1
692,Sherlock-691,BBC,blabla,thriller,12,1
693,Sherlock-692,BBC,blabla,thriller,12,1
694,Sherlock-693,BBC,blabla,thriller,12,1
695,Sherlock-694,BBC,blabla,thriller,12,1
696,Sherlock-695,BBC,blabla,thriller,12,1
697,Sherlock-696,BBC,blabla,thriller,12,1
698,Sherlock-697,BBC,blabla,thriller,12,1
699,Sherlock-698,BBC,blabla,thriller,12,1
700,Sherlock-699,BBC,blabla,thriller,12,1
701,Sherlock-700,BBC,blabla,thriller,12,1
702,Sherlock-701,BBC,blabla,thriller,12,1
703,Sherlock-702,BBC,blabla,thriller,12,1
704,Sherlock-703,BBC,blabla,thriller,12,1
705,Sherlock-704,BBC,blabla,thriller,12,1
706,Sherlock-705,BBC,blabla,thriller,12,1
707,Sherlock-706,BBC,blabla,thriller,12,1
708,Sherlock-707,BBC,blabla,thriller,12,1
709,Sherlock-708,BBC,blabla,thriller,12,1
710,Sherlock-709,BBC,blabla,thriller,12,1
711,Sherlock-710,BBC,blabla,thriller,12,1
712,Sherlock-711,BBC,blabla,thriller,12,1
713,Sherlock-712,BBC,blabla,thriller,12,1
714,Sherlock-713,BBC,blabla,thriller,12,1
715,Sherlock-714,BBC,blabla,thriller,12,1
716,Sherlock-715,BBC,blabla,thriller,12,1
717,Sherlock-716,BBC,blabla,thriller,12,1
718,Sherlock-717,BBC,blabla,thriller,12,1
719,Sherlock-718,BBC,blabla,thriller,12,1
720,Sherlock-719,BBC,blabla,thriller,12,1
721,Sherlock-720,BBC,blabla,thriller,12,1
722,Sherlock-721,BBC,blabla,thriller,12,1
723,Sherlock-722,BBC,blabla,thriller,12,1
724,Sherlock-723,BBC,blabla,thriller,12,1
725,Sherlock-724,BBC,blabla,thriller,12,1
726,Sherlock-725,BBC,blabla,thriller,12,1
727,Sherlock-726,BBC,blabla,thriller,12,1
728,Sherlock-727,BBC,blabla,thriller,12,1
729,Sherlock-728,BBC,blabla,thriller,12,1
730,Sherlock-729,BBC,blabla,thriller,12,1
731,Sherlock-730,BBC,blabla,thriller,12,1
732,Sherlock-731,BBC,blabla,thriller,12,1
733,Sherlock-732,BBC,blabla,thriller,12,1
734,Sherlock-733,BBC,blabla,thriller,12,1
735,Sherlock-734,BBC,blabla,thriller,12,1
736,Sherlock-735,BBC,blabla,thriller,12,1
737,Sherlock-736,BBC,blabla,thriller,12,1
738,Sherlock-737,BBC,blabla,thriller,12,1
739,Sherlock-738,BBC,blabla,thriller,12,1
740,Sherlock-739,BBC,blabla,thriller,12,1
741,Sherlock-740,BBC,blabla,thriller,12,1
742,Sherlock-741,BBC,blabla,thriller,12,1
743,Sherlock-742,BBC,blabla,thriller,12,1
744,Sherlock-743,BBC,blabla,thriller,12,1
745,Sherlock-744,BBC,blabla,thriller,12,1
746,Sherlock-745,BBC,blabla,thriller,12,1
747,Sherlock-746,BBC,blabla,thriller,12,1
748,Sherlock-747,BBC,blabla,thriller,12,1
749,Sherlock-748,BBC,blabla,thriller,12,1
750,Sherlock-749,BBC,blabla,thriller,12,1
751,Sherlock-750,BBC,blabla,thriller,12,1
752,Sherlock-751,BBC,blabla,thriller,12,1
753,Sherlock-752,BBC,blabla,thriller,12,1
754,Sherlock-753,BBC,blabla,thriller,12,1
755,Sherlock-754,BBC,blabla,thriller,12,1
756,Sherlock-755,BBC,blabla,thriller,12,1
757,Sherlock-756,BBC,blabla,thriller,12,1
758,Sherlock-757,BBC,blabla,thriller,12,1
759,Sherlock-758,BBC,blabla,thriller,12,1
760,Sherlock-759,BBC,blabla,thriller,12,1
761,Sherlock-760,BBC,blabla,thriller,12,1
762,Sherlock-761,BBC,blabla,thriller,12,1
763,Sherlock-762,BBC,blabla,thriller,12,1
764,Sherlock-763,BBC,blabla,thriller,12,1
765,Sherlock-764,BBC,blabla,thriller,12,1
766,Sherlock-765,BBC,blabla,thriller,12,1
767,Sherlock-766,BBC,blabla,thriller,12,1
768,Sherlock-767,BBC,blabla,thriller,12,1
769,Sherlock-768,BBC,blabla,thriller,12,1
770,Sherlock-769,BBC,blabla,thriller,12,1
771,Sherlock-770,BBC,blabla,thriller,12,1
772,Sherlock-771,BBC,blabla,thriller,12,1
773,Sherlock-772,BBC,blabla,thriller,12,1
774,Sherlock-773,BBC,blabla,thriller,12,1
775,Sherlock-774,BBC,blabla,thriller,12,1
776,Sherlock-775,BBC,blabla,thriller,12,1
777,Sherlock-776,BBC,blabla,thriller,12,1
778,Sherlock-777,BBC,blabla,thriller,12,1
779,Sherlock-778,BBC,blabla,thriller,12,1
780,Sherlock-779,BBC,blabla,thriller,12,1
781,Sherlock-780,BBC,blabla,thriller,12,1
782,Sherlock-781,BBC,blabla,thriller,12,1
783,Sherlock-782,BBC,blabla,thriller,12,1
784,Sherlock-783,BBC,blabla,thriller,12,1
785,Sherlock-784,BBC,blabla,thriller,12,1
786,Sherlock-785,BBC,blabla,thriller,12,1
787,Sherlock-786,BBC,blabla,thriller,12,1
788,Sherlock-787,BBC,blabla,thriller,12,1
789,Sherlock-788,BBC,blabla,thriller,12,1
790,Sherlock-789,BBC,blabla,thriller,12,1
791,Sherlock-790,BBC,blabla,thriller,12,1
792,Sherlock-791,BBC,blabla,thriller,12,1
793,Sherlock-792,BBC,blabla,thriller,12,1
794,Sherlock-793,BBC,blabla,thriller,12,1
795,Sherlock-794,BBC,blabla,thriller,12,1
796,Sherlock-795,BBC,blabla,thriller,12,1
797,Sherlock-796,BBC,blabla,thriller,12,1
798,Sherlock-797,BBC,blabla,thriller,12,1
799,Sherlock-798,BBC,blabla,thriller,12,1
800,Sherlock-799,BBC,blabla,thriller,12,1
801,Sherlock-800,BBC,blabla,thriller,12,1
802,Sherlock-801,BBC,blabla,thriller,12,1
803,Sherlock-802,BBC,blabla,thriller,12,1
804,Sherlock-803,BBC,blabla,thriller,12,1
805,Sherlock-804,BBC,blabla,thriller,12,1
806,Sherlock-805,BBC,blabla,thriller,12,1
807,Sherlock-806,BBC,blabla,thriller,12,1
808,Sherlock-807,BBC,blabla,thriller,12,1
809,Sherlock-808,BBC,blabla,thriller,12,1
810,Sherlock-809,BBC,blabla,thriller,12,1
811,Sherlock-810,BBC,blabla,thriller,12,1
812,Sherlock-811,BBC,blabla,thriller,12,1
813,Sherlock-812,BBC,blabla,thriller,12,1
814,Sherlock-813,BBC,blabla,thriller,12,1
815,Sherlock-814,BBC,blabla,thriller,12,1
816,Sherlock-815,BBC,blabla,thriller,12,1
817,Sherlock-816,BBC,blabla,thriller,12,1
818,Sherlock-817,BBC,blabla,thriller,12,1
819,Sherlock-818,BBC,blabla,thriller,12,1
820,Sherlock-819,BBC,blabla,thriller,12,1
821,Sherlock-820,BBC,blabla,thriller,12,1
822,Sherlock-821,BBC,blabla,thriller,12,1
823,Sherlock-822,BBC,blabla,thriller,12,1
824,Sherlock-823,BBC,blabla,thriller,12,1
825,Sherlock-824,BBC,blabla,thriller,12,1
826,Sherlock-825,BBC,blabla,thriller,12,1
827,Sherlock-826,BBC,blabla,thriller,12,1
828,Sherlock-827,BBC,blabla,thriller,12,1
829,Sherlock-828,BBC,blabla,thriller,12,1
830,Sherlock-829,BBC,blabla,thriller,12,1
831,Sherlock-830,BBC,blabla,thriller,12,1
832,Sherlock-831,BBC,blabla,thriller,12,1
833,Sherlock-832,BBC,blabla,thriller,12,1
834,Sherlock-833,BBC,blabla,thriller,12,1
835,Sherlock-834,BBC,blabla,thriller,12,1
836,Sherlock-835,BBC,blabla,thriller,12,1
837,Sherlock-836,BBC,blabla,thriller,12,1
838,Sherlock-837,BBC,blabla,thriller,12,1
839,Sherlock-838,BBC,blabla,thriller,12,1
840,Sherlock-839,BBC,blabla,thriller,12,1
841,Sherlock-840,BBC,blabla,thriller,12,1
842,Sherlock-841,BBC,blabla,thriller,12,1
843,Sherlock-842,BBC,blabla,thriller,12,1
844,Sherlock-843,BBC,blabla,thriller,12,1
845,Sherlock-844,BBC,blabla,thriller,12,1
846,Sherlock-845,BBC,blabla,thriller,12,1
847,Sherlock-846,BBC,blabla,thriller,12,1
848,Sherlock-847,BBC,blabla,thriller,12,1
849,Sherlock-848,BBC,blabla,thriller,12,1
850,Sherlock-849,BBC,blabla,thriller,12,1
851,Sherlock-850,BBC,blabla,thriller,12,1
852,Sherlock-851,BBC,blabla,thriller,12,1
853,Sherlock-852,BBC,blabla,thriller,12,1
854,Sherlock-853,BBC,blabla,thriller,12,1
855,Sherlock-854,BBC,blabla,thriller,12,1
856,Sherlock-855,BBC,blabla,thriller,12,1
857,Sherlock-856,BBC,blabla,thriller,12,1
858,Sherlock-857,BBC,blabla,thriller,12,1
859,Sherlock-858,BBC,blabla,thriller,12,1
860,Sherlock-859,BBC,blabla,thriller,12,1
861,Sherlock-860,BBC,blabla,thriller,12,1
862,Sherlock-861,BBC,blabla,thriller,12,1
863,Sherlock-862,BBC,blabla,thriller,12,1
864,Sherlock-863,BBC,blabla,thriller,12,1
865,Sherlock-864,BBC,blabla,thriller,12,1
866,Sherlock-865,BBC,blabla,thriller,12,1
867,Sherlock-866,BBC,blabla,thriller,12,1
868,Sherlock-867,BBC,blabla,thriller,12,1
869,Sherlock-868,BBC,blabla,thriller,12,1
870,Sherlock-869,BBC,blabla,thriller,12,1
871,Sherlock-870,BBC,blabla,thriller,12,1
872,Sherlock-871,BBC,blabla,thriller,12,1
873,Sherlock-872,BBC,blabla,thriller,12,1
874,Sherlock-873,BBC,blabla,thriller,12,1
875,Sherlock-874,BBC,blabla,thriller,12,1
876,Sherlock-875,BBC,blabla,thriller,12,1
877,Sherlock-876,BBC,blabla,thriller,12,1
878,Sherlock-877,BBC,blabla,thriller,12,1
879,Sherlock-878,BBC,blabla,thriller,12,1
880,Sherlock-879,BBC,blabla,thriller,12,1
881,Sherlock-880,BBC,blabla,thriller,12,1
882,Sherlock-881,BBC,blabla,thriller,12,1
883,Sherlock-882,BBC,blabla,thriller,12,1
884,Sherlock-883,BBC,blabla,thriller,12,1
885,Sherlock-884,BBC,blabla,thriller,12,1
886,Sherlock-885,BBC,blabla,thriller,12,1
887,Sherlock-886,BBC,blabla,thriller,12,1
888,Sherlock-887,BBC,blabla,thriller,12,1
889,Sherlock-888,BBC,blabla,thriller,12,1
890,Sherlock-889,BBC,blabla,thriller,12,1
891,Sherlock-890,BBC,blabla,thriller,12,1
892,Sherlock-891,BBC,blabla,thriller,12,1
893,Sherlock-892,BBC,blabla,thriller,12,1
894,Sherlock-893,BBC,blabla,thriller,12,1
895,Sherlock-894,BBC,blabla,thriller,12,1
896,Sherlock-895,BBC,blabla,thriller,12,1
897,Sherlock-896,BBC,blabla,thriller,12,1
898,Sherlock-897,BBC,blabla,thriller,12,1
899,Sherlock-898,BBC,blabla,thriller,12,1
900,Sherlock-899,BBC,blabla,thriller,12,1
901,Sherlock-900,BBC,blabla,thriller,12,1
902,Sherlock-901,BBC,blabla,thriller,12,1
903,Sherlock-902,BBC,blabla,thriller,12,1
904,Sherlock-903,BBC,blabla,thriller,12,1
905,Sherlock-904,BBC,blabla,thriller,12,1
906,Sherlock-905,BBC,blabla,thriller,12,1
907,Sherlock-906,BBC,blabla,thriller,12,1
908,Sherlock-907,BBC,blabla,thriller,12,1
909,Sherlock-908,BBC,blabla,thriller,12,1
910,Sherlock-909,BBC,blabla,thriller,12,1
911,Sherlock-910,BBC,blabla,thriller,12,1
912,Sherlock-911,BBC,blabla,thriller,12,1
913,Sherlock-912,BBC,blabla,thriller,12,1
914,Sherlock-913,BBC,blabla,thriller,12,1
915,Sherlock-914,BBC,blabla,thriller,12,1
916,Sherlock-915,BBC,blabla,thriller,12,1
917,Sherlock-916,BBC,blabla,thriller,12,1
918,Sherlock-917,BBC,blabla,thriller,12,1
919,Sherlock-918,BBC,blabla,thriller,12,1
920,Sherlock-919,BBC,blabla,thriller,12,1
921,Sherlock-920,BBC,blabla,thriller,12,1
922,Sherlock-921,BBC,blabla,thriller,12,1
923,Sherlock-922,BBC,blabla,thriller,12,1
924,Sherlock-923,BBC,blabla,thriller,12,1
925,Sherlock-924,BBC,blabla,thriller,12,1
926,Sherlock-925,BBC,blabla,thriller,12,1
927,Sherlock-926,BBC,blabla,thriller,12,1
928,Sherlock-927,BBC,blabla,thriller,12,1
929,Sherlock-928,BBC,blabla,thriller,12,1
930,Sherlock-929,BBC,blabla,thriller,12,1
931,Sherlock-930,BBC,blabla,thriller,12,1
932,Sherlock-931,BBC,blabla,thriller,12,1
933,Sherlock-932,BBC,blabla,thriller,12,1
934,Sherlock-933,BBC,blabla,thriller,12,1
935,Sherlock-934,BBC,blabla,thriller,12,1
936,Sherlock-935,BBC,blabla,thriller,12,1
937,Sherlock-936,BBC,blabla,thriller,12,1
938,Sherlock-937,BBC,blabla,thriller,12,1
939,Sherlock-938,BBC,blabla,thriller,12,1
940,Sherlock-939,BBC,blabla,thriller,12,1
941,Sherlock-940,BBC,blabla,thriller,12,1
942,Sherlock-941,BBC,blabla,thriller,12,1
943,Sherlock-942,BBC,blabla,thriller,12,1
944,Sherlock-943,BBC,blabla,thriller,12,1
945,Sherlock-944,BBC,blabla,thriller,12,1
946,Sherlock-945,BBC,blabla,thriller,12,1
947,Sherlock-946,BBC,blabla,thriller,12,1
948,Sherlock-947,BBC,blabla,thriller,12,1
949,Sherlock-948,BBC,blabla,thriller,12,1
950,Sherlock-949,BBC,blabla,thriller,12,1
951,Sherlock-950,BBC,blabla,thriller,12,1
952,Sherlock-951,BBC,blabla,thriller,12,1
953,Sherlock-952,BBC,blabla,thriller,12,1
954,Sherlock-953,BBC,blabla,thriller,12,1
955,Sherlock-954,BBC,blabla,thriller,12,1
956,Sherlock-955,BBC,blabla,thriller,12,1
957,Sherlock-956,BBC,blabla,thriller,12,1
958,Sherlock-957,BBC,blabla,thriller,12,1
959,Sherlock-958,BBC,blabla,thriller,12,1
960,Sherlock-959,BBC,blabla,thriller,12,1
961,Sherlock-960,BBC,blabla,thriller,12,1
962,Sherlock-961,BBC,blabla,thriller,12,1
963,Sherlock-962,BBC,blabla,thriller,12,1
964,Sherlock-963,BBC,blabla,thriller,12,1
965,Sherlock-964,BBC,blabla,thriller,12,1
966,Sherlock-965,BBC,blabla,thriller,12,1
967,Sherlock-966,BBC,blabla,thriller,12,1
968,Sherlock-967,BBC,blabla,thriller,12,1
969,Sherlock-968,BBC,blabla,thriller,12,1
970,Sherlock-969,BBC,blabla,thriller,12,1
971,Sherlock-970,BBC,blabla,thriller,12,1
972,Sherlock-971,BBC,blabla,thriller,12,1
973,Sherlock-972,BBC,blabla,thriller,12,1
974,Sherlock-973,BBC,blabla,thriller,12,1
975,Sherlock-974,BBC,blabla,thriller,12,1
976,Sherlock-975,BBC,blabla,thriller,12,1
977,Sherlock-976,BBC,blabla,thriller,12,1
978,Sherlock-977,BBC,blabla,thriller,12,1
979,Sherlock-978,BBC,blabla,thriller,12,1
980,Sherlock-979,BBC,blabla,thriller,12,1
981,Sherlock-980,BBC,blabla,thriller,12,1
982,Sherlock-981,BBC,blabla,thriller,12,1
983,Sherlock-982,BBC,blabla,thriller,12,1
984,Sherlock-983,BBC,blabla,thriller,12,1
985,Sherlock-984,BBC,blabla,thriller,12,1
986,Sherlock-985,BBC,blabla,thriller,12,1
987,Sherlock-986,BBC,blabla,thriller,12,1
988,Sherlock-987,BBC,blabla,thriller,12,1
989,Sherlock-988,BBC,blabla,thriller,12,1
990,Sherlock-989,BBC,blabla,thriller,12,1
991,Sherlock-990,BBC,blabla,thriller,12,1
992,Sherlock-991,BBC,blabla,thriller,12,1
993,Sherlock-992,BBC,blabla,thriller,12,1
994,Sherlock-993,BBC,blabla,thriller,12,1
995,Sherlock-994,BBC,blabla,thriller,12,1
996,Sherlock-995,BBC,blabla,thriller,12,1
997,Sherlock-996,BBC,blabla,thriller,12,1
998,Sherlock-997,BBC,blabla,thriller,12,1
999,Sherlock-998,BBC,blabla,thriller,12,1
1000,Sherlock-999,BBC,blabla,thriller,12,1
