1,Jeffery,Parfitt,falvarez-0,F,1909-01-05,1
2,Alfred,Smith,mnelson-1,M,1959-04-04,1
3,Gary,Tirado,kmiller-2,F,1913-03-26,1
4,Bill,Lall,collinharris-3,F,1917-11-12,1
5,Manuel,Culbertson,lcastillo-4,F,1909-02-10,1
6,John,Agnew,deborah87-5,F,1942-03-12,1
7,Louis,Conboy,joshuasingh-6,F,1970-10-16,1
8,Charles,Galvan,wilsonjeanette-7,M,1970-09-15,1
9,Carlos,Locke,katieyoung-8,M,1929-10-10,1
10,Derrick,Nichols,sanchezkathleen-9,M,1954-05-15,1
11,David,Harding,erin32-10,M,1941-11-09,1
12,Gordon,Woodard,smanning-11,M,1977-10-26,1
13,Milo,Corona,hernandeztara-12,M,1959-12-25,1
14,Roger,Williams,drobertson-13,M,1909-08-30,1
15,Phillip,Kenney,pamelarobinson-14,F,1924-02-29,1
16,Jeff,Litten,pcallahan-15,M,2007-03-21,1
17,James,Ober,sboyd-16,M,1971-11-14,1
18,Vince,Caputo,ebarrett-17,F,1916-07-03,1
19,Ramon,Murphy,dmack-18,M,1986-04-14,1
20,Bobbie,Lane,rodriguezamanda-19,M,2007-01-05,1
21,Brandon,Flynn,johnsondonna-20,F,1911-03-17,1
22,David,Lobel,sherry18-21,F,2010-01-31,1
23,Maurice,Brown,danielrios-22,F,1983-08-01,1
24,John,Hart,donald35-23,M,2017-03-19,1
25,Aldo,Branson,holly26-24,M,2016-12-06,1
26,Frank,Kelly,wendysharp-25,F,1946-07-10,1
27,Duane,Graham,hubbarddonna-26,F,1928-07-23,1
28,Gene,Golden,clarkcynthia-27,F,1934-11-12,1
29,Daniel,Burk,mark03-28,F,2002-11-11,1
30,Gerald,Chacon,hmckee-29,F,1908-02-19,1
31,Victor,Vu,wallaceamanda-30,M,2009-01-13,1
32,Jeremy,Zanes,moranjennifer-31,M,1946-12-15,1
33,Andre,Cable,ygreer-32,M,1904-01-12,1
34,Michael,Adams,hlopez-33,F,1922-04-19,1
35,Jonathan,Dallaire,cnewton-34,M,2009-05-02,1
36,Anthony,Montoya,bushkevin-35,F,1959-05-29,1
37,Scott,Dodson,boltonnatalie-36,F,1913-04-23,1
38,Howard,Morrison,williamselizabeth-37,M,1995-07-11,1
39,Ray,Grant,daycarolyn-38,F,1979-04-30,1
40,Phillip,Torres,dawn10-39,F,1946-01-26,1
41,Robert,Langford,anthony59-40,M,1911-10-11,1
42,John,Ambres,wramirez-41,M,1966-07-05,1
43,Ronnie,Grimaldo,stephaniejordan-42,F,1915-02-09,1
44,Roger,Mcgee,staffordstephanie-43,M,1907-04-16,1
45,Jason,Allen,buchananjessica-44,F,2002-07-07,1
46,Samuel,Mckennon,jacob17-45,F,1913-02-19,1
47,James,Dwyer,banksgabrielle-46,M,1999-01-14,1
48,Geoffrey,Saltsman,kaitlyn10-47,F,1981-10-16,1
49,Luke,Mckenzie,stephanienewton-48,M,2016-05-24,1
50,Ronald,Matthews,parkereric-49,F,1927-06-30,1
51,Earl,Dunham,petermiller-50,M,2007-06-01,1
52,Martin,Hunter,adam26-51,F,1982-08-16,1
53,Michael,Monahan,scott15-52,M,1966-01-28,1
54,Larry,Lankford,smithmichael-53,M,2012-05-30,1
55,William,Wooten,mhebert-54,F,1956-12-27,1
56,Tyrone,Hennessey,harringtonnicholas-55,M,1919-06-27,1
57,James,Lee,johncooke-56,F,1994-04-29,1
58,Andres,Odonnell,alisonhill-57,F,1986-02-17,1
59,Glenn,Burton,lreyes-58,F,1942-02-12,1
60,William,Easley,huntmary-59,F,1927-03-10,1
61,Matthew,Valentin,hugheslinda-60,F,1997-01-23,1
62,Todd,Petermann,leekelly-61,F,1933-11-27,1
63,Thomas,Cloninger,michaelturner-62,M,1905-11-03,1
64,James,Smith,parksjennifer-63,M,1947-01-23,1
65,Raymond,Pacheco,kwilliams-64,M,1954-12-30,1
66,James,Robertson,william26-65,F,1968-01-28,1
67,John,Ginsberg,brenda31-66,F,1993-09-16,1
68,Rodney,Marti,brian67-67,M,1909-09-24,1
69,William,Tatel,scottdaniel-68,F,1990-06-30,1
70,Sam,Turner,james45-69,F,1966-03-25,1
71,David,Davis,biancasmith-70,F,1919-12-31,1
72,Charles,Conn,melvinallen-71,M,1955-07-30,1
73,Mark,Stotler,kturner-72,F,1999-02-19,1
74,Jeremy,Mcclain,jennifer25-73,M,2001-05-15,1
75,Michael,Mcgee,halljonathan-74,M,1915-12-24,1
76,Bradley,Maye,kelseyweber-75,M,1914-02-06,1
77,Jerry,Desmond,vmiller-76,M,1973-02-25,1
78,Nicholas,Christopher,isaiahwalker-77,M,2009-07-10,1
79,Paul,Orear,kleinjennifer-78,F,1966-01-13,1
80,Rafael,Jeppesen,elizabethmitchell-79,M,1986-03-14,1
81,Mark,Cartier,kbrown-80,F,1965-11-26,1
82,Charles,Quinones,kdecker-81,M,1907-10-12,1
83,Mike,Freeman,elliottcorey-82,M,1949-06-13,1
84,Micheal,Douglas,samanthareynolds-83,F,1918-10-12,1
85,Alex,Bradley,burkezachary-84,M,2014-06-14,1
86,Edward,Kjellman,laura59-85,M,1908-03-07,1
87,Ian,Mcgrath,stephanieadams-86,M,1976-08-12,1
88,Pete,Carey,qrobinson-87,M,1923-06-08,1
89,Angel,Erickson,penny23-88,F,1999-10-14,1
90,Thomas,Hazlett,alecbright-89,F,1986-07-30,1
91,Tim,Pinder,raymond59-90,F,1907-04-09,1
92,Lynn,Stucky,scottkelly-91,M,2013-01-10,1
93,Kenneth,Parker,jeanette50-92,F,2013-12-04,1
94,Michael,Mendez,dlee-93,M,1984-09-20,1
95,William,Tallent,iwilson-94,M,1930-05-01,1
96,Richard,Boyles,byrdmichael-95,F,1908-03-03,1
97,Michael,Simon,xrodgers-96,M,1974-02-20,1
98,Dennis,Castro,uward-97,F,1933-09-30,1
99,Fernando,Roberson,james50-98,F,1951-06-12,1
100,Reginald,Kirk,ashley54-99,M,1910-11-16,1
101,Clinton,Theriot,jonathananderson-100,M,1905-09-20,1
102,James,Magana,nielsenmark-101,M,2001-11-10,1
103,Scott,Foster,barkerjoseph-102,F,1961-03-22,1
104,Richard,Wirtz,millerbrett-103,M,1944-07-01,1
105,Benjamin,Chow,nhorn-104,M,1947-11-17,1
106,Leo,Gillis,kevindavis-105,M,1941-04-25,1
107,John,Cartmill,jonestroy-106,M,2011-11-26,1
108,Donald,Watson,taylordaniel-107,M,1917-07-05,1
109,Thomas,Dellinger,burnshannah-108,M,1963-11-11,1
110,Jose,Atkins,gerald35-109,F,2016-11-28,1
111,Thomas,Self,joseph25-110,F,1912-08-17,1
112,James,Snyder,sotoshawn-111,F,2005-06-28,1
113,Raymond,Stewart,mwarner-112,F,1912-09-20,1
114,George,Ruth,littlejames-113,F,1978-10-30,1
115,William,Holmes,garciamichael-114,M,1981-05-17,1
116,Son,Prater,dillonjonathan-115,M,1952-05-16,1
117,Kenneth,Chitwood,justinmiddleton-116,F,1954-07-27,1
118,Harvey,Kaplan,uoneal-117,F,1930-01-25,1
119,Raymond,Sims,levans-118,F,1931-04-11,1
120,Leo,Robinson,usmith-119,F,2014-02-20,1
121,Jason,Hartwig,esmith-120,F,2019-09-24,1
122,Thomas,Foster,michellestewart-121,F,1943-05-24,1
123,Brent,Mallory,gallen-122,M,1924-09-21,1
124,Neil,Franks,mcook-123,M,1916-11-07,1
125,James,Sharpe,amorrison-124,M,1967-10-29,1
126,William,Ratcliff,melissastone-125,M,1976-11-22,1
127,Ramon,Wilbur,bgomez-126,M,1962-08-19,1
128,Ted,Raggs,kelly61-127,F,1908-10-31,1
129,John,Lazor,brandy75-128,F,1943-07-25,1
130,Kurtis,Lewis,chicks-129,M,2009-07-26,1
131,Larry,Otto,hhill-130,F,1951-05-18,1
132,Eugene,Davis,shannonflores-131,M,1925-12-25,1
133,Lyman,Sisk,brendamorris-132,M,1909-03-27,1
134,Jimmy,Huff,uowens-133,M,1995-07-30,1
135,Danny,Berry,morganlisa-134,F,2004-02-18,1
136,Robert,Drummond,roberthurley-135,M,1948-06-28,1
137,Leslie,Whittington,robin35-136,M,1987-06-09,1
138,Thomas,Russo,ghernandez-137,M,1993-02-26,1
139,Paul,Artis,qhenderson-138,F,1982-08-24,1
140,Adolph,Magana,hmurphy-139,F,1978-03-07,1
141,James,Hall,pbrown-140,M,1922-10-16,1
142,Joseph,Larson,derek18-141,M,2002-11-28,1
143,Lonnie,Delafuente,taylorbrett-142,F,1943-09-18,1
144,Howard,Britt,kenneth17-143,F,1986-06-26,1
145,James,Corbitt,eevans-144,F,1935-07-07,1
146,Greg,Mcguiness,webbalexander-145,F,1944-04-08,1
147,Spencer,Tomlinson,john18-146,M,2008-10-06,1
148,Charles,Andrews,carolinedonaldson-147,F,1976-08-28,1
149,Ruben,Bitto,handerson-148,M,1996-11-19,1
150,Kenneth,Serrano,jeremiah17-149,F,1957-07-10,1
151,Randy,Breault,brenda62-150,F,1996-01-12,1
152,Allan,Haak,rachellee-151,M,1936-08-22,1
153,Ricky,Brooks,brittanymorgan-152,F,1950-10-14,1
154,Brian,Ortiz,sboone-153,M,1993-06-19,1
155,Joshua,Cullen,bensonmarcus-154,F,1977-10-28,1
156,Terry,Barth,kimberlyscott-155,F,1940-02-29,1
157,Albert,Stubbs,jacksonsteven-156,F,2016-02-23,1
158,Chuck,Henderson,sean69-157,F,1977-11-19,1
159,Carl,Bembry,herreralarry-158,F,2008-11-27,1
160,Evan,Mclaughlin,sheltonalan-159,F,1960-03-27,1
161,Bryce,Simon,mitchellburton-160,F,1934-06-04,1
162,Kent,Dierking,roachlisa-161,M,1925-01-05,1
163,Laurence,Gros,lorimartinez-162,F,1913-11-24,1
164,Billy,Mcdearmont,melissaramirez-163,F,1905-03-06,1
165,William,Verity,andrea22-164,M,1938-06-18,1
166,Michael,Fisk,shannonfisher-165,M,1946-12-20,1
167,Duncan,Giannakopoulo,christopherdickson-166,F,2010-07-01,1
168,Rudy,Starks,denisebooth-167,F,2013-11-29,1
169,Randy,Skiles,heather87-168,F,1953-12-06,1
170,Morgan,Murillo,cookcharles-169,M,1966-09-06,1
171,John,Mcfarlane,barbaradavis-170,M,1928-09-06,1
172,Eugene,Ibach,nguyendennis-171,F,1932-06-26,1
173,Aaron,Dupre,ecook-172,M,1970-12-22,1
174,Kevin,Dennehy,navarrobill-173,F,1953-06-14,1
175,Nicholas,Vanriper,drichardson-174,F,1957-02-06,1
176,Donald,Manske,browndonald-175,F,1947-05-28,1
177,Paul,Grooms,ehenry-176,F,1919-12-15,1
178,Christopher,Enright,jessica73-177,F,1912-03-22,1
179,Charles,Jones,agarrison-178,F,1978-02-19,1
180,Robert,Sparks,alexis06-179,F,1910-09-06,1
181,Michael,Peterson,brandi50-180,F,1964-10-29,1
182,Harold,Dismuke,owenserin-181,F,1966-07-01,1
183,Robert,Nelson,icrosby-182,F,1908-08-20,1
184,Daniel,Ainslie,jennifer04-183,F,1964-04-01,1
185,Christopher,Dean,kaitlynpowers-184,M,1953-01-03,1
186,Robert,Twombly,rebeccajones-185,F,1969-11-08,1
187,Robert,Rubin,phillipsmichele-186,F,1974-12-17,1
188,Julian,Stalker,lisa02-187,F,1955-01-27,1
189,Roger,Bardsley,annfigueroa-188,M,1925-01-09,1
190,Augustine,Wilson,fsloan-189,F,2015-07-10,1
191,Michael,Moore,mcphersonvanessa-190,F,1911-12-22,1
192,Warren,Omalley,nathaniel32-191,M,1961-05-25,1
193,Wayne,Rice,mary98-192,F,1956-06-03,1
194,George,Wofford,brittanywashington-193,M,1925-12-01,1
195,Joe,Eldred,william47-194,M,1954-11-01,1
196,James,Velazquez,youngmichael-195,M,1927-11-03,1
197,Jeffrey,Marlowe,medinapamela-196,F,2011-01-05,1
198,Justin,Jolly,kelliprice-197,M,1975-01-11,1
199,Johnathan,Hynes,wendy66-198,F,1961-04-23,1
200,Jerry,Durkee,jeffrey77-199,M,1944-06-21,1
201,Henry,Rawson,charles83-200,M,1952-01-01,1
202,Robert,Glennon,paulfreeman-201,M,1961-02-15,1
203,Ricky,Koopmans,kyleshort-202,F,1989-07-14,1
204,David,Smith,crystal35-203,M,1912-05-20,1
205,David,Carter,judyroman-204,M,1927-05-31,1
206,Greg,Garcia,fostermark-205,F,1987-02-18,1
207,Jim,Vos,steven47-206,M,1914-11-08,1
208,Ernest,Denk,lisashaw-207,F,1958-12-26,1
209,Earl,Young,cynthialopez-208,M,1982-05-08,1
210,Gregory,Hawes,kenneth60-209,F,1955-08-30,1
211,William,Thomas,bcastaneda-210,F,1999-05-16,1
212,Juan,Sim,sherrykirby-211,M,1918-08-14,1
213,James,Smith,whitejessica-212,M,1933-11-21,1
214,Jake,Mason,jasonmckay-213,F,2018-07-26,1
215,Vicente,Jobe,baxterbarry-214,F,1997-06-05,1
216,Richard,Pree,porterjames-215,M,1987-11-16,1
217,Johnathan,Horne,cynthia56-216,M,1970-04-06,1
218,Tom,Ritz,garciadanielle-217,F,1998-03-23,1
219,Matthew,Stimmel,sfrost-218,M,2017-11-23,1
220,Alan,Lawton,tammyrichardson-219,F,1942-03-29,1
221,Robert,Galvez,jberry-220,M,1978-07-04,1
222,Steven,Glass,debra29-221,M,1978-05-31,1
223,Joseph,Davis,rhondawhite-222,M,2007-07-08,1
224,Jesse,Loveman,josetaylor-223,F,1910-10-10,1
225,David,Polin,tiffany52-224,F,2001-05-20,1
226,Phillip,Harris,icrawford-225,F,2005-05-04,1
227,Ervin,Bundy,gsmith-226,M,1953-02-18,1
228,Roy,Hanna,gabriellegardner-227,F,1936-10-07,1
229,Chester,Tartaglia,kimberlyrice-228,M,2012-08-08,1
230,Joseph,Steward,tammyday-229,F,1949-09-13,1
231,Zachary,Haughney,bjohnson-230,F,1940-06-23,1
232,Robert,Saunders,tiffanycooley-231,F,1996-12-24,1
233,Jacob,Johnson,kennethclarke-232,M,1915-10-21,1
234,Raymond,Anderson,williampeterson-233,F,2015-02-22,1
235,Rodney,Chain,lopezjohn-234,M,1969-01-13,1
236,Chad,Jones,jenniferacosta-235,F,1993-02-04,1
237,Jeffrey,Weiss,loganingram-236,F,1924-07-26,1
238,Henry,Hartman,rchaney-237,M,1985-10-06,1
239,Merle,Rivas,nlopez-238,M,1983-08-04,1
240,William,Blair,aferrell-239,F,1946-10-01,1
241,William,Alcala,sreid-240,M,2016-05-02,1
242,Gary,Murray,whitenathaniel-241,F,1994-11-06,1
243,Richard,Victorero,cory58-242,M,1951-05-07,1
244,Robert,Rose,robbinsjerry-243,F,2013-04-17,1
245,Stephen,Bagley,james93-244,M,1953-02-16,1
246,Perry,Platt,phyllisanderson-245,M,1958-02-23,1
247,Jim,Harshman,bharris-246,M,2018-08-31,1
248,Louis,Diaz,cole39-247,F,1954-02-28,1
249,James,Ebert,ricky76-248,M,1988-10-18,1
250,Shane,Benefield,xhale-249,F,1954-09-07,1
251,Gary,Barth,kingmolly-250,F,1976-05-23,1
252,John,Willie,ngross-251,M,1969-01-02,1
253,Alton,Zucco,richardsonlindsey-252,F,1908-11-13,1
254,John,Duncan,james90-253,M,1963-08-15,1
255,Michael,Jinkens,arnoldtaylor-254,M,1972-03-17,1
256,Charles,Sprouse,wilsonandrew-255,F,2017-07-27,1
257,Michael,Williams,zward-256,F,2010-04-23,1
258,Vincent,Chatterton,cristiandavis-257,M,1947-05-09,1
259,Bennie,Humphrey,afletcher-258,F,1930-01-28,1
260,Daniel,Demmer,mitchellmartha-259,M,1910-07-20,1
261,Richard,Ferretti,michaeltucker-260,F,1999-10-17,1
262,Andrew,Sellars,yhernandez-261,F,1979-03-02,1
263,Ruben,Johnson,nicole05-262,M,1946-10-15,1
264,Ricardo,Vito,zcraig-263,M,1921-03-09,1
265,Derek,Vance,johnathan07-264,F,1977-12-04,1
266,Robert,Chacon,patrick99-265,F,1967-03-04,1
267,Paul,Miller,phillipsjames-266,M,2007-04-10,1
268,Joel,Semaan,bshah-267,M,1927-06-18,1
269,Don,Congdon,freykurt-268,F,1953-11-19,1
270,Alberto,Mason,michellepeters-269,M,1942-11-24,1
271,Cody,Woodward,iolson-270,F,1941-01-10,1
272,James,Marks,ellen97-271,M,2014-07-26,1
273,Ross,Prioleau,amanda77-272,M,1955-09-13,1
274,John,Clute,kathryn70-273,F,1961-10-18,1
275,Frank,Mannella,bakermegan-274,F,1981-10-24,1
276,John,Devine,williamsnancy-275,F,1919-01-17,1
277,Todd,Smith,katherinewatkins-276,M,2007-09-28,1
278,James,Coker,karennewton-277,F,1936-04-08,1
279,Larry,Winder,jared75-278,F,2006-11-01,1
280,John,Bostic,ulewis-279,F,1933-06-30,1
281,Leonel,Titus,potterdenise-280,F,1926-08-04,1
282,Benjamin,Lockwood,hamiltonchristine-281,M,1987-07-28,1
283,Joaquin,Brennan,michael03-282,M,1973-06-03,1
284,James,Wall,angeladawson-283,F,1965-01-22,1
285,John,Ford,simpsonmercedes-284,M,1935-11-04,1
286,Darryl,Chapman,kingjoel-285,F,1949-03-11,1
287,Elbert,Murphy,bsoto-286,M,1982-01-18,1
288,William,Lerma,kcummings-287,F,1976-05-29,1
289,Lester,Esquivel,erikaclay-288,M,1958-02-24,1
290,Phillip,Roger,lanegary-289,F,1978-12-22,1
291,Kent,Martin,kmartinez-290,M,1929-08-22,1
292,Mark,Johnston,shelby58-291,F,1934-10-19,1
293,Nelson,Sutton,justin46-292,F,1971-05-15,1
294,Hiram,Berry,alyssajames-293,F,1907-01-09,1
295,Michael,Ramirez,nicolecase-294,M,1910-05-21,1
296,Christopher,Williams,crystal99-295,M,1904-07-23,1
297,Henry,Brooks,rachel45-296,F,2001-01-17,1
298,Omer,Lastrapes,jennifer57-297,F,1966-01-24,1
299,Willie,Alkire,andrea60-298,M,1952-12-25,1
300,Roberto,Castillo,brian21-299,M,1944-06-14,1
301,Steven,Pearson,devinwade-300,M,1974-09-08,1
302,Wendell,Acuff,nathan18-301,F,1925-08-16,1
303,Frank,Lusk,cmoore-302,M,1991-04-15,1
304,William,Thomas,tjackson-303,F,1966-04-19,1
305,Walter,Davis,kevin31-304,F,1954-11-16,1
306,Joseph,Baptist,turnerkatherine-305,M,1917-03-10,1
307,Marc,Rodriguez,sheaadam-306,F,1998-03-09,1
308,Juan,Lowry,crystalcastro-307,M,1931-01-07,1
309,Gerald,Leisenring,danny46-308,M,1953-08-04,1
310,Richard,Hollifield,ysmith-309,M,2004-02-13,1
311,Lawrence,Collins,vjones-310,F,1987-09-29,1
312,Kevin,Perkins,shellyjackson-311,F,1970-11-10,1
313,Ronnie,Brantner,andrewmiller-312,F,1930-06-29,1
314,David,Rash,ljackson-313,F,1970-11-18,1
315,Jeff,Hall,ellisdaisy-314,F,1940-05-02,1
316,Charles,Cooper,twarren-315,F,1977-05-16,1
317,Robert,Pherson,shall-316,F,1910-11-28,1
318,Matthew,Kirk,sean20-317,M,1995-01-09,1
319,Michael,Choate,jjenkins-318,M,1954-10-28,1
320,Jerome,Shawgo,wgonzalez-319,F,1947-06-21,1
321,Cecil,Martinez,dkrueger-320,M,1929-02-17,1
322,Jerry,Lee,pattersonmaria-321,F,1908-12-19,1
323,Ronald,Barron,lauren58-322,F,1913-05-15,1
324,Robert,Potter,parksmark-323,F,2007-08-12,1
325,Samuel,Brehmer,david39-324,M,1953-10-15,1
326,James,Carpenter,jperez-325,M,1927-06-07,1
327,Blaine,Belcher,paige73-326,F,2010-02-09,1
328,Scott,Reid,kaylee94-327,M,1965-09-04,1
329,Michael,Watson,xmiller-328,M,1981-01-05,1
330,David,Long,ethompson-329,F,1938-11-21,1
331,Gene,Richard,dawn41-330,M,1909-12-03,1
332,Pedro,Heffern,martinezjeremy-331,M,1987-02-15,1
333,Dale,Holsey,hudsonmichael-332,F,2017-02-18,1
334,Miguel,Wood,belindatanner-333,F,1945-12-26,1
335,Edward,Patterson,esparzashelley-334,F,2001-08-29,1
336,Willie,Clark,wendy87-335,M,1933-05-01,1
337,Marcos,Ford,lewisedwin-336,M,1921-09-10,1
338,Clifford,Hepburn,cobbscott-337,F,1967-09-21,1
339,Robert,Miller,elizabeth34-338,F,1920-03-07,1
340,Paul,Reed,johnsonhannah-339,M,1984-09-01,1
341,Matthew,Carlson,ngentry-340,M,1921-08-23,1
342,Johnny,Brito,yangbradley-341,M,1933-02-10,1
343,Howard,Laur,penny80-342,F,2013-02-17,1
344,Sean,Defazio,tpark-343,F,1960-10-30,1
345,Christopher,Harmon,chasehoward-344,M,1942-02-04,1
346,Mack,Quiggle,sbates-345,M,1979-01-23,1
347,Benjamin,Ainsworth,tony14-346,M,1947-12-04,1
348,Carl,Smith,jessejohnson-347,M,1965-05-05,1
349,Freeman,Shepherd,gary91-348,F,1957-07-25,1
350,Sol,Jones,deniseroberts-349,M,1977-05-17,1
351,Larry,Shelton,kelli52-350,M,1990-04-06,1
352,Craig,Ambrosino,wmorgan-351,F,1950-05-27,1
353,Rafael,Abraham,amber67-352,F,1986-01-24,1
354,Jerry,Nutt,ericacampbell-353,F,1913-10-10,1
355,Michael,Molleur,erinmiller-354,F,2011-07-08,1
356,Leon,Lyons,lisahill-355,M,1987-07-25,1
357,Joe,Gould,rperez-356,F,1934-09-12,1
358,Clarence,Davis,robert23-357,F,1970-07-11,1
359,Elias,Warren,rdiaz-358,M,1935-12-27,1
360,Frankie,Jacob,jessica56-359,F,1950-11-07,1
361,Christopher,Cleveland,imelton-360,M,1955-11-26,1
362,Frederick,Strain,johnpennington-361,F,1904-06-21,1
363,James,Watson,christopherperry-362,F,1928-06-10,1
364,Arthur,Anderson,amanda50-363,F,1929-03-17,1
365,Alex,Davis,christinebass-364,M,1990-04-06,1
366,Michael,Morales,carolyn65-365,F,2015-02-25,1
367,Marc,Putnam,huffmankyle-366,M,1910-01-14,1
368,Travis,Flynn,francokatie-367,M,1949-06-11,1
369,Carmen,Vera,ereyes-368,M,1965-01-22,1
370,Shawn,Sodhi,icalderon-369,M,1971-02-25,1
371,Guy,Kyle,hwalker-370,F,1988-10-19,1
372,James,Cousin,ubowen-371,F,1950-09-02,1
373,Michael,Cardoza,brian14-372,M,1906-02-14,1
374,Joseph,Mccarter,garzaashley-373,M,1923-05-06,1
375,Raymond,Andrade,dsmith-374,F,2004-09-19,1
376,James,Whitaker,maxgraves-375,F,1969-05-19,1
377,Jeffrey,Dunn,sheilavance-376,M,1936-02-09,1
378,James,Adams,sara09-377,M,1914-03-16,1
379,Russell,Teasley,amyphillips-378,F,1966-10-02,1
380,Tracy,Williams,james04-379,M,1926-02-11,1
381,Mark,Dennison,patriciataylor-380,M,1959-11-05,1
382,Steven,Fletcher,jeremiah52-381,F,1985-07-04,1
383,Henry,Rigsby,vgray-382,F,1926-01-27,1
384,James,Rosenbarger,kenneth78-383,M,1993-08-07,1
385,Harold,Bracero,sotocameron-384,M,2012-01-20,1
386,Ruben,Hickok,edward83-385,F,1930-01-02,1
387,Brent,Davis,kathyramirez-386,M,1973-12-09,1
388,Roman,Miller,allenporter-387,M,1978-05-31,1
389,Melvin,Williams,thebert-388,M,1927-05-26,1
390,Thomas,Hatley,richard86-389,F,1981-06-25,1
391,Bruce,White,longkirk-390,M,1979-10-12,1
392,Joseph,Thompson,lambertchristopher-391,M,1924-08-02,1
393,Bobbie,Real,kayleepadilla-392,M,1979-03-04,1
394,Patrick,Sloan,gsmith-393,M,2017-10-09,1
395,Glenn,Luckner,huffmansusan-394,M,1920-05-06,1
396,Harold,Ayers,pamelalee-395,F,1984-07-11,1
397,Andre,Walton,guerrerowilliam-396,F,1979-01-01,1
398,Daniel,Mcleod,scottperry-397,M,1939-09-07,1
399,Clarence,Chavez,ritterjames-398,M,1919-07-23,1
400,Christian,Smart,allen57-399,F,2000-03-24,1
401,Jay,Caine,lhendrix-400,F,1947-05-15,1
402,Russell,Woodard,xdavis-401,M,2018-09-17,1
403,Hubert,Vaughn,hamiltonkaitlyn-402,M,1913-02-11,1
404,Luis,Wright,bradley92-403,F,1947-12-27,1
405,Jay,Kimball,jillgreen-404,M,1956-04-05,1
406,Philip,Guerrero,nicole58-405,M,1904-06-19,1
407,Kenneth,Boddie,michaelkelly-406,M,1994-02-09,1
408,Lawrence,Levesque,kflores-407,M,1985-08-05,1
409,Carlton,Hiers,silvalouis-408,F,1918-02-14,1
410,Henry,Brandon,dianaterry-409,M,1942-08-28,1
411,William,Mittendorf,daniel92-410,F,1969-05-09,1
412,William,Lamar,karimeyer-411,M,1926-09-08,1
413,Allen,Range,jasonzimmerman-412,M,1962-09-05,1
414,Howard,Hicks,wbarber-413,F,2015-07-06,1
415,Charles,Threlkeld,smorgan-414,M,1974-01-21,1
416,Daniel,Goldberg,johnsongrant-415,F,1937-02-23,1
417,Vernon,Alvarez,blackwelltammy-416,M,1942-01-02,1
418,Kevin,Jones,wbrooks-417,M,1969-11-27,1
419,Roy,Robertson,joycekaren-418,M,2010-08-20,1
420,Mike,Orta,ernestboyd-419,M,2014-04-05,1
421,Bradley,Wilhelm,mrogers-420,F,1920-10-20,1
422,Ronald,Lindsay,donaldbentley-421,F,1967-09-22,1
423,Enrique,Quarles,malexander-422,F,1977-10-26,1
424,Christopher,Parkins,kristina07-423,F,2000-11-12,1
425,Timothy,Oconnell,donnaleon-424,M,1972-05-18,1
426,Javier,Watts,riverakristina-425,F,2014-05-29,1
427,William,Merchant,mward-426,F,2013-02-16,1
428,Rodney,Mayo,fritzmary-427,M,2009-03-14,1
429,John,Oatman,gonzalesrobert-428,F,2008-04-28,1
430,Alexander,Petrie,stephenhernandez-429,F,1959-06-23,1
431,Peter,Cuevas,elizabethmorgan-430,M,1960-08-16,1
432,Ervin,Wilson,molinastephanie-431,F,1962-01-11,1
433,Oscar,Hodges,daviskristin-432,F,1917-06-29,1
434,Ronald,Mccoy,omar06-433,F,1998-09-05,1
435,Joseph,Greigo,mckenziealfred-434,F,1957-12-06,1
436,Paul,Rhodes,squinn-435,F,1998-08-18,1
437,Steven,Heidt,xstokes-436,M,1965-01-13,1
438,Larry,Vanhofwegen,kevin21-437,F,1959-05-28,1
439,Denver,Follansbee,qgreen-438,F,2001-04-20,1
440,Willie,Girard,marc67-439,F,1967-05-23,1
441,Michael,Lancaster,ortegawilliam-440,F,2005-06-04,1
442,John,Walker,bday-441,M,1944-07-19,1
443,Hugh,Welder,fkelly-442,F,1923-11-05,1
444,Armando,Brown,shannon96-443,M,2011-09-22,1
445,Aaron,Sanders,pthompson-444,M,2009-09-11,1
446,Wesley,Minton,pnolan-445,M,2011-01-02,1
447,Charles,Lahman,andrewmckee-446,M,2006-06-29,1
448,Pete,Rice,benjamin35-447,F,1907-07-28,1
449,Antonio,Hoover,timothy38-448,M,1971-09-02,1
450,William,Buchanon,fordjoel-449,M,1995-07-03,1
451,Lester,Spradley,danny40-450,F,1971-09-15,1
452,Rafael,Butts,scarter-451,F,1905-11-09,1
453,Kevin,Hobbs,nicolemcdonald-452,F,2000-05-03,1
454,Andrew,Lahey,dgraves-453,F,1931-05-22,1
455,Mike,Granger,blaketraci-454,F,1990-09-22,1
456,Jay,Hann,tlewis-455,F,1934-10-09,1
457,Brian,Kelly,ysanders-456,F,2018-04-15,1
458,Bruce,Looney,ggray-457,F,1942-09-08,1
459,Mark,Roberts,frazierjoshua-458,F,1917-07-06,1
460,Alex,Martin,jordankatherine-459,F,1982-09-30,1
461,Joseph,Arnold,jmeyer-460,F,1934-06-01,1
462,Ryan,Elliott,nicholasklein-461,F,1946-09-14,1
463,Billy,Barrera,loganthompson-462,F,1960-11-06,1
464,Scott,Durkin,velazquezdennis-463,M,1990-12-19,1
465,Randy,Rojas,staceywhite-464,M,1986-02-24,1
466,William,Garcia,melissamccoy-465,M,1920-05-09,1
467,Jonathan,Sherman,zmartin-466,M,2015-04-12,1
468,Charles,Bejjani,uluna-467,M,1904-06-24,1
469,Michael,Burgos,melissa90-468,M,2007-12-23,1
470,Jose,Martin,kjones-469,M,2000-12-04,1
471,William,Colvard,sarah60-470,M,1998-03-26,1
472,Brandon,Schoonover,gina56-471,F,1945-06-24,1
473,Wesley,Finch,smallangelica-472,M,1972-01-14,1
474,James,Thompson,gonzalezashley-473,F,1983-08-18,1
475,Joey,Lindquist,steven52-474,M,1997-01-18,1
476,Kevin,Summerfield,ckelley-475,F,1953-03-06,1
477,Alejandro,Rodriguez,luke06-476,M,1954-02-28,1
478,David,Richert,webbapril-477,M,1976-02-26,1
479,Gene,Boone,srivera-478,F,2019-05-05,1
480,Peter,Davis,zweber-479,F,1973-01-12,1
481,Jerry,Lumpkins,knightdavid-480,F,1926-08-24,1
482,Ted,Hunt,alexandrajimenez-481,F,2006-06-21,1
483,Joseph,Kiser,hawkinselizabeth-482,F,1913-03-28,1
484,Robert,Corbo,gomezsamuel-483,M,1988-04-17,1
485,Jonathan,Staton,mark97-484,M,1963-02-14,1
486,Eddie,Mulchrone,ygarcia-485,F,1948-10-27,1
487,William,Badami,barrmichael-486,F,2002-10-22,1
488,Paul,Sanborn,crystalnelson-487,M,1977-06-22,1
489,Bart,Combee,qcastillo-488,M,1987-12-30,1
490,Tyson,Osher,zacharyking-489,F,1972-10-07,1
491,Alfonso,Chandler,karen34-490,M,1993-02-01,1
492,Michael,Wallace,ukane-491,F,1922-09-04,1
493,Glen,Rogers,muellercorey-492,M,1917-10-09,1
494,Paul,Williams,christine22-493,M,1978-11-16,1
495,Roger,Kearns,xparrish-494,M,1924-08-07,1
496,Charles,Ivory,jamesrodriguez-495,F,1975-11-25,1
497,Edward,Cuevas,ramirezrandy-496,M,1909-07-06,1
498,Benjamin,Randall,justinflores-497,M,1912-03-06,1
499,Ken,Smith,alantaylor-498,F,1949-05-31,1
500,Winford,Burbach,griffinamanda-499,F,1929-08-16,1
501,Miguel,Robb,donna87-500,M,1910-03-30,1
502,Henry,Williams,vjacobson-501,M,1981-07-10,1
503,Marco,Leonard,rrodriguez-502,M,1990-09-10,1
504,Robert,Pangburn,jeremy89-503,F,1945-08-12,1
505,Henry,Dahl,robert75-504,F,1920-04-25,1
506,Robert,Williams,huffjennifer-505,M,1959-05-26,1
507,Michael,Sanford,burnscarrie-506,F,1983-05-06,1
508,Rodney,Taegel,lpittman-507,M,1988-09-16,1
509,William,Hurlbut,qbailey-508,F,1979-03-06,1
510,Alonzo,Moore,granttina-509,F,1922-11-12,1
511,John,Allen,bonnie64-510,F,1932-05-07,1
512,Daniel,Halliday,sbates-511,F,1977-01-14,1
513,James,Jones,bthompson-512,F,1909-07-26,1
514,Larry,Fifield,donna25-513,M,1982-05-27,1
515,Jonathan,Tyler,iforbes-514,M,1956-09-12,1
516,Donald,Hawk,zpalmer-515,F,1973-04-05,1
517,Richard,Nelson,williamlee-516,F,1994-04-14,1
518,Robert,Quinn,jbrock-517,F,1987-01-18,1
519,George,Mills,brian23-518,F,1917-06-02,1
520,Dennis,Cronin,richard20-519,M,1957-09-05,1
521,John,Igtanloc,joycechristina-520,M,1937-01-06,1
522,Otis,Sprinkle,millerangela-521,F,1936-04-16,1
523,Lee,Green,smichael-522,F,1990-06-14,1
524,Matthew,Jones,dudleynicholas-523,F,1945-12-20,1
525,Richard,Scovil,barnettheather-524,M,1961-11-10,1
526,Jonathan,Fuller,wwelch-525,M,1909-02-12,1
527,Dwight,Moran,egonzalez-526,M,2007-10-29,1
528,John,Baker,bishopjames-527,M,1937-08-08,1
529,Stephen,Cardenas,manningbrandon-528,M,1946-10-20,1
530,Eugene,Dunbar,kdavis-529,F,1920-02-03,1
531,Monty,Sclafani,alexandriapayne-530,F,1906-08-11,1
532,Merlin,Ogle,matthew49-531,M,1909-09-22,1
533,Sam,Jones,omiller-532,F,1946-06-17,1
534,Steven,Boucher,julie88-533,M,1993-07-17,1
535,Craig,Panahon,williamharper-534,F,1940-02-04,1
536,Joel,Garcia,haley61-535,F,2003-08-28,1
537,John,Schmidt,suzannemorris-536,F,1917-05-17,1
538,Sal,Butler,pfowler-537,M,1997-03-15,1
539,Michael,Jones,garciaseth-538,F,1925-07-25,1
540,Martin,Grace,donnabennett-539,F,1927-04-05,1
541,Carl,Covell,jamescook-540,M,1912-11-09,1
542,Warren,Morgan,diaztyler-541,M,1941-03-19,1
543,Leonard,Stocker,samantha98-542,F,1960-08-28,1
544,David,Gamble,jessica78-543,M,1995-01-07,1
545,Carl,Collins,davidle-544,M,1978-06-19,1
546,Larry,Miller,tammyterrell-545,F,1945-01-08,1
547,Andrew,Satcher,clee-546,M,2015-06-30,1
548,Brad,Jensen,bradleykatherine-547,M,1976-11-16,1
549,Max,Ceovantes,garzajennifer-548,M,1996-06-10,1
550,Harry,Clary,debbie25-549,M,1950-09-30,1
551,Kevin,Claar,uhoffman-550,M,1964-06-09,1
552,Charlie,Stubbs,joshua87-551,M,1929-04-12,1
553,David,Darnley,lbryant-552,M,1906-01-08,1
554,Russell,Jackson,jeffery66-553,F,1975-04-22,1
555,Michael,Moore,teresa29-554,F,2017-11-14,1
556,William,Simpson,elopez-555,M,1971-05-27,1
557,William,Keele,elizabethdean-556,M,1978-10-13,1
558,Gordon,Gleeson,kimberlyhuber-557,M,1922-06-15,1
559,George,Byrd,davidnguyen-558,F,1936-08-11,1
560,Jeffrey,Oh,carriechang-559,F,1964-07-16,1
561,John,Weiser,sherrylewis-560,M,1914-06-30,1
562,Stephen,Marshall,kochcolin-561,M,1905-09-20,1
563,Brian,Usher,mlane-562,F,1924-04-25,1
564,Ervin,Delk,djensen-563,M,1981-07-24,1
565,Andrew,Berry,phillip24-564,M,2000-04-19,1
566,Jacob,Lawary,amy74-565,M,2002-02-09,1
567,Stephen,Blackburn,kimberlymorgan-566,M,1947-04-17,1
568,Ryan,Vasquez,margaretmunoz-567,M,1933-08-20,1
569,Charlie,Brison,kyle14-568,M,1922-04-15,1
570,David,Ramirez,simmonsapril-569,F,1945-10-15,1
571,Cameron,Housley,vrose-570,F,1961-12-16,1
572,Phillip,Allen,kellykayla-571,M,2012-08-20,1
573,Otis,Justus,thomasrivera-572,M,1956-09-15,1
574,Larry,Stackhouse,isimpson-573,F,1944-12-30,1
575,Harry,Meyer,holmesshelley-574,M,1988-01-29,1
576,Jorge,Croley,billymaxwell-575,F,1956-10-03,1
577,Erik,Fenton,jennifer27-576,M,1999-01-25,1
578,Zachary,Tripp,mollywilliams-577,F,1937-09-21,1
579,Timothy,Lynch,tylerduran-578,M,1929-04-03,1
580,Woodrow,Caya,amyramos-579,M,1996-08-07,1
581,Mike,Knowles,michaelmorris-580,M,1917-01-31,1
582,Ronald,Bowling,crossdiane-581,F,1985-06-11,1
583,Salvatore,Tracy,pjohnson-582,F,1907-03-31,1
584,James,Jensen,fischertanya-583,F,1932-11-26,1
585,David,Cole,powellandrea-584,M,1988-10-19,1
586,Collin,Oswalt,allenchristine-585,M,1909-10-18,1
587,Brian,Nelson,cwall-586,F,1994-09-22,1
588,Richard,Theis,daniel09-587,F,1961-12-18,1
589,Thomas,Smith,mooresandra-588,F,1931-01-03,1
590,William,Silva,qstephens-589,M,1920-03-20,1
591,Harry,Jones,davidcantu-590,M,2008-02-01,1
592,Duane,Ogata,alison70-591,M,1981-06-03,1
593,Michael,Shulz,logankevin-592,M,1909-08-29,1
594,Kevin,Vann,annaclark-593,M,1984-11-24,1
595,Rod,Landry,proach-594,M,1976-04-15,1
596,Blake,Mccollough,jamesmartinez-595,M,1929-01-25,1
597,Alfredo,Bauer,nicholascochran-596,F,1972-07-08,1
598,Christian,Grosz,dcervantes-597,F,1922-01-10,1
599,William,Hart,miguel06-598,M,1968-03-28,1
600,Levi,Lacount,harmondaniel-599,F,1953-04-12,1
601,James,Wilson,dianejohnson-600,M,1970-11-09,1
602,Bobby,Nagel,jeffreyboyer-601,F,1920-07-22,1
603,George,Meador,karencole-602,M,1981-01-18,1
604,Brian,Haugabrook,vangfrancis-603,M,1957-05-11,1
605,David,Morales,todd13-604,F,2017-01-03,1
606,Cary,Shawler,vincentsmith-605,M,1978-10-17,1
607,Francisco,Timme,waltermoore-606,M,1994-02-01,1
608,Jeremy,Plascencia,barbarawilliams-607,M,1979-09-11,1
609,Ralph,Long,bradleyrobert-608,M,1933-11-07,1
610,Alfredo,James,luisparks-609,F,1957-02-25,1
611,Jeffrey,Williams,leah54-610,F,1992-07-09,1
612,William,Price,mackenzie39-611,F,1941-09-26,1
613,Patrick,Boone,paulskinner-612,F,1944-04-12,1
614,Donald,Mingo,eclark-613,F,1905-07-14,1
615,Barry,Walls,brandonhill-614,M,1935-02-05,1
616,Juan,Gonzalez,ebanks-615,F,2009-02-07,1
617,Antonio,Ziad,michael04-616,F,1992-03-29,1
618,Michael,Finley,clarkmegan-617,F,1981-05-09,1
619,John,Martin,jonathan67-618,F,2004-01-12,1
620,Robert,Liberto,williamstonya-619,M,1941-11-12,1
621,Thomas,Roney,thomasdarlene-620,F,1910-10-31,1
622,Don,Harris,jeaton-621,F,1968-09-08,1
623,Scott,Ashton,zjames-622,M,1968-06-08,1
624,Christopher,Reynolds,jeffjones-623,M,1996-03-14,1
625,Michael,Chen,fguerrero-624,F,1976-06-24,1
626,Jesse,Hastings,mariacortez-625,F,1952-08-20,1
627,William,Martin,caseyedwards-626,F,1940-12-16,1
628,Matthew,Brougham,watsonsamantha-627,M,1913-04-03,1
629,Aaron,Koenig,iwood-628,M,1968-08-19,1
630,Joshua,Dixon,smithsarah-629,M,1936-02-13,1
631,Steven,Duff,urogers-630,M,1964-02-14,1
632,Royal,Lowe,ygonzalez-631,F,1978-09-16,1
633,Simon,Lautenschlage,olivia32-632,F,1963-08-05,1
634,Bradley,Kobashigawa,timothy97-633,F,2010-08-29,1
635,Carroll,Hershberger,deborah94-634,F,2014-04-29,1
636,Herman,Gorecki,stephaniejames-635,F,1928-08-03,1
637,William,Caines,thomas07-636,M,1977-08-11,1
638,Bruce,Medina,tammy60-637,M,2008-06-03,1
639,James,Carr,zbecker-638,F,1972-01-31,1
640,James,Welsh,janderson-639,M,1974-03-16,1
641,Ronald,Rehkop,johnreilly-640,M,1994-09-01,1
642,Christopher,Culler,cristianhughes-641,F,1963-08-28,1
643,Paul,Cain,nbarker-642,M,1914-03-21,1
644,Michael,Bayers,rrussell-643,M,1985-11-17,1
645,Abe,Hudson,dennisjohn-644,F,1996-08-26,1
646,James,Phillips,jacob72-645,F,1979-03-13,1
647,Andrew,Smith,rogernunez-646,M,2004-10-04,1
648,Matthew,Castro,mlee-647,F,1993-03-18,1
649,Walter,Hetrick,calebjohnson-648,F,1977-01-19,1
650,Ali,Mcallister,stevenwilliams-649,M,1905-06-24,1
651,Paul,Johnson,sean99-650,M,1977-12-28,1
652,Jerry,Respress,dwhitaker-651,F,1983-11-03,1
653,William,Prater,joseph77-652,M,1924-01-29,1
654,Kenneth,Pate,meganjones-653,F,2016-03-22,1
655,Michael,Parsons,ninajennings-654,F,1920-12-30,1
656,Alvin,Stiles,raymond75-655,M,1934-01-29,1
657,David,Partridge,colemanmariah-656,M,2016-11-20,1
658,Anthony,Evans,thomassmith-657,F,1908-04-29,1
659,Troy,Leach,smithemily-658,M,1992-08-22,1
660,Winston,Booth,tbarker-659,F,1937-03-10,1
661,Andrew,Sanderson,garyblair-660,M,1948-08-03,1
662,Ron,Adams,zmitchell-661,F,1999-02-11,1
663,John,Brookins,randy13-662,M,1978-07-16,1
664,Earl,Walls,hardyfrank-663,M,1989-08-30,1
665,Rodney,Brown,juliemaddox-664,M,1964-11-24,1
666,Samuel,Dickinson,timothy23-665,M,1965-11-17,1
667,Alfred,Smith,jamesdaniels-666,M,1938-09-20,1
668,Elmer,Dillon,tonyajohnson-667,M,1918-10-17,1
669,Sheldon,Bivens,stantonstephanie-668,M,1914-08-07,1
670,Kevin,Oldaker,snyderkristen-669,M,1957-09-25,1
671,Mark,Rogers,lindseygibson-670,M,1999-05-04,1
672,Terry,Thurston,nsmith-671,F,2011-12-22,1
673,Jeffrey,Little,qmoody-672,F,2017-07-03,1
674,Hershel,Hurley,kmiller-673,F,1907-06-18,1
675,Herbert,Atkinson,ronald65-674,F,2007-10-24,1
676,Mark,Nelson,justin79-675,M,1936-07-02,1
677,Samuel,Black,hgrant-676,M,1989-05-05,1
678,Jackson,Davis,omorgan-677,F,1906-03-17,1
679,Anthony,Reese,petersonmargaret-678,M,1996-10-12,1
680,Sean,Guzman,briancruz-679,F,1960-02-01,1
681,Mark,Richie,sharonwilson-680,M,1986-02-23,1
682,Kenneth,Conway,alan78-681,M,1946-07-25,1
683,Sean,Clements,jasonhall-682,F,1933-05-14,1
684,Sheldon,Moore,jlopez-683,M,1976-01-10,1
685,Jasper,Guyton,parkersara-684,M,2006-12-20,1
686,Christopher,Maurey,anita97-685,F,1955-10-08,1
687,Robert,Bliss,sdavis-686,F,1929-08-26,1
688,Robert,Mcmillan,aliciasmith-687,F,1992-11-15,1
689,Dennis,Lummus,michael45-688,M,2010-08-21,1
690,Robert,Dotson,jason23-689,M,1980-10-19,1
691,Jeremy,Valdez,bford-690,F,2003-10-07,1
692,Michael,Hricko,gperez-691,M,1984-10-11,1
693,Robert,Courter,rdelgado-692,M,1986-08-09,1
694,Edward,Berrier,mark65-693,M,2004-02-07,1
695,Jose,Seawell,alyssa99-694,F,1908-09-27,1
696,David,Johnson,brivera-695,M,2013-09-17,1
697,Mark,Cheatham,kim66-696,F,2013-02-23,1
698,Kevin,Johnson,danny18-697,F,2007-10-02,1
699,Robert,Filthaut,danielcole-698,F,1905-04-12,1
700,Wesley,Ball,garybaker-699,M,1967-12-06,1
701,Jack,Klaus,sean10-700,F,1925-09-30,1
702,Matthew,Wong,dylan45-701,M,1922-10-05,1
703,Scott,Smith,josephvazquez-702,F,1932-04-22,1
704,Matthew,Bame,jason74-703,F,1916-03-15,1
705,Brian,Wilson,alanclark-704,F,1908-08-08,1
706,Richard,Sweney,pjames-705,F,1953-02-21,1
707,Henry,Lundborg,evanschristopher-706,M,1980-03-30,1
708,Andrew,Powell,emily71-707,M,1990-08-01,1
709,Brian,Higgins,burchjustin-708,F,1995-01-24,1
710,Gregory,Geis,adamhall-709,M,1925-05-22,1
711,Marcel,Kropp,elizabeth36-710,F,1924-06-11,1
712,Stanley,Phares,christina36-711,M,2011-12-26,1
713,Andrew,Lorraine,david53-712,F,1999-08-18,1
714,William,Fromm,danielle73-713,M,1978-11-23,1
715,Ryan,Dunnington,wisenicholas-714,F,1905-03-10,1
716,Charles,Adams,james55-715,M,1994-09-10,1
717,David,Crews,benjaminhall-716,M,1990-12-19,1
718,Willis,Waterman,robert07-717,F,1982-04-03,1
719,Richard,Stevens,greenalan-718,M,1963-09-16,1
720,Joshua,Donaway,ashley82-719,M,1909-03-22,1
721,Philip,Bouchard,jon83-720,F,2019-09-13,1
722,Keith,Berry,williamsimpson-721,F,1979-11-05,1
723,Sam,Johnson,qross-722,F,1924-10-24,1
724,Jesus,Parks,taylorosborne-723,M,2012-12-28,1
725,Mike,Pope,mhayes-724,M,1917-02-11,1
726,Evan,Mortell,gmiller-725,M,1925-06-27,1
727,Nathan,Mcilvaine,amandajackson-726,M,1931-05-07,1
728,James,Coleman,wrightsusan-727,M,1920-08-21,1
729,Michael,Hall,edavis-728,F,1907-06-30,1
730,Raymond,Parker,contrerasmelanie-729,M,1913-03-27,1
731,Brent,Crewe,bchan-730,M,1976-08-23,1
732,Alfred,Iorio,melinda10-731,F,2000-07-29,1
733,Mike,Searson,matthew69-732,F,1933-04-21,1
734,Jimmy,Monarrez,jeffreybarker-733,F,1976-02-16,1
735,Matthew,Beebe,kimamy-734,M,1916-09-21,1
736,Ben,Bankston,garciachristopher-735,M,1914-01-16,1
737,David,Woodson,michaelhill-736,M,1942-12-01,1
738,Geoffrey,Young,parksjeffrey-737,F,2007-11-23,1
739,John,Rasmussen,richardsondustin-738,M,1993-11-03,1
740,Stephen,Hall,drodriguez-739,M,1967-10-12,1
741,Bruno,Whaley,johnsonrobert-740,M,1936-03-16,1
742,Efrain,Hernandez,matthew71-741,F,1965-10-14,1
743,Roger,Winter,matthewwilson-742,M,1940-12-30,1
744,Jonathan,Price,martin02-743,F,2011-02-06,1
745,Jerry,Angelo,tpayne-744,F,1908-02-22,1
746,Brett,Lind,bhutchinson-745,F,2014-04-29,1
747,James,Higbee,dana74-746,M,1962-11-19,1
748,William,Castle,welchmeagan-747,F,2018-03-16,1
749,Roger,Fabre,donaldprice-748,F,1947-05-31,1
750,Sherman,Harrell,gomezmonica-749,F,1906-09-22,1
751,Kenneth,Daugherty,smithchristine-750,M,2017-06-06,1
752,James,Pritchett,yshea-751,M,1914-06-06,1
753,Vernon,Schroeder,faulknermichael-752,F,1917-11-15,1
754,Robert,Fonseca,christopher81-753,F,1971-10-27,1
755,Minh,Pritchard,perezjoseph-754,M,2017-12-04,1
756,James,Markham,scottjuarez-755,M,1925-08-24,1
757,James,Pargo,thomas19-756,F,2017-10-03,1
758,Romeo,Stephens,peggy07-757,F,1997-09-17,1
759,Milton,Brown,adamspatricia-758,F,2015-10-30,1
760,Robert,Lee,pmoon-759,M,2006-12-12,1
761,Glenn,Copeland,harrisonmichelle-760,F,1933-06-11,1
762,David,Jones,jacquelinelambert-761,F,1948-07-29,1
763,Michael,Johnson,davidmartin-762,F,2019-09-28,1
764,Marcus,Tressler,marcgates-763,F,1947-01-08,1
765,Joseph,Breton,upayne-764,M,1954-05-28,1
766,Joseph,Vang,william77-765,M,1913-06-25,1
767,John,Solorzano,angelmeyer-766,F,2007-10-20,1
768,Derrick,Perry,pamelamoreno-767,M,1938-07-01,1
769,William,Swett,vgolden-768,M,2001-05-15,1
770,Charles,Harris,gregorywu-769,M,1953-09-19,1
771,Edward,Porter,reyescarlos-770,F,1971-12-07,1
772,Michael,Burchett,schmidtcheryl-771,F,1909-08-13,1
773,Chester,Davis,adamsdaniel-772,F,1904-01-08,1
774,Robert,Robinson,lisadavis-773,M,1938-07-25,1
775,Joseph,Oslund,zward-774,M,2017-06-28,1
776,Michael,Ortiz,careysean-775,F,1974-03-05,1
777,Stacy,Alston,qjackson-776,F,2006-08-01,1
778,Jason,Faubion,ocalhoun-777,M,1921-06-12,1
779,Peter,Conner,leslie38-778,M,1915-03-25,1
780,Woodrow,Steiner,christinagarcia-779,F,1911-01-25,1
781,Arthur,Llewellyn,hendersonkelsey-780,M,1975-08-17,1
782,Cortez,Ford,erik72-781,M,1961-01-10,1
783,Philip,Elmore,kellyallison-782,M,1985-02-17,1
784,Mitchell,Vento,larryhernandez-783,M,1952-07-07,1
785,Andrew,Lincourt,michael22-784,M,2015-02-24,1
786,Andrew,Quan,ramseycarolyn-785,M,1911-03-15,1
787,Mike,Donofrio,owalker-786,M,1937-07-22,1
788,Anthony,Martell,yray-787,M,1997-12-21,1
789,James,Tatum,rachel91-788,M,1958-05-04,1
790,John,Zenker,lisa13-789,F,1924-08-09,1
791,Lyle,Oglesby,marcusbaxter-790,F,1967-04-02,1
792,Larry,Howard,crystal75-791,F,2010-09-30,1
793,Daniel,Hass,mary66-792,F,1929-01-22,1
794,Jason,Baca,stephanie72-793,F,1964-09-18,1
795,Edwin,Green,alex54-794,M,1916-12-28,1
796,Randy,Jenkins,lindseyhowell-795,F,1946-02-01,1
797,Wendell,Chapa,chandlermichael-796,M,1986-10-23,1
798,Brad,Berg,riverapeter-797,M,1970-09-27,1
799,Ryan,Marchitto,vnorman-798,F,1940-04-24,1
800,John,Lee,mrodriguez-799,M,1926-04-04,1
801,James,Hall,kimberlyflores-800,F,2019-10-22,1
802,Raymond,Nolen,fcrawford-801,F,1973-03-05,1
803,Arthur,Constantine,smithnatalie-802,F,2011-12-09,1
804,James,Ruminski,graychristopher-803,F,1999-09-05,1
805,Robert,Carpenter,reneeburns-804,F,1989-04-22,1
806,Jason,Fenn,pjones-805,F,2011-12-22,1
807,David,Gutirrez,gallagherallison-806,F,1994-09-04,1
808,Winston,Bruce,denise96-807,M,1967-02-01,1
809,Ronald,Brennan,victoriajackson-808,F,1919-09-16,1
810,Michael,Judd,dana90-809,F,1910-04-19,1
811,Charles,Conley,colemandaniel-810,F,1961-07-18,1
812,Victor,Mcfadden,therrera-811,M,1988-05-11,1
813,Charles,Archer,barbarawilson-812,M,1917-01-25,1
814,Carl,Ballinger,isaiahobrien-813,F,2003-11-05,1
815,Wayne,Kim,nolanbenjamin-814,M,1929-01-18,1
816,John,Berube,thomas35-815,M,1951-04-05,1
817,Jaime,Fletcher,uadams-816,F,2016-09-19,1
818,Larry,Burkart,jeremyduncan-817,F,1931-11-14,1
819,Edward,Miller,twright-818,F,1974-05-24,1
820,David,Chauvin,longkaren-819,F,1954-09-13,1
821,William,Church,dsmith-820,F,1967-04-19,1
822,Richard,Wilson,riversmary-821,F,2011-08-08,1
823,Clarence,Bower,frenchdoris-822,F,2018-12-16,1
824,Kenneth,Moser,qhawkins-823,F,1974-08-22,1
825,Larry,Linscott,bgonzalez-824,F,1932-07-21,1
826,Howard,Kinzer,uadams-825,F,1905-08-06,1
827,Richard,Tawwater,maryholder-826,F,1941-10-17,1
828,Edwin,Bartlett,amandawolf-827,M,1940-10-03,1
829,Matthew,Staton,kellyrichards-828,M,1904-07-28,1
830,Erik,Maddox,gregorytucker-829,F,1978-03-05,1
831,Michael,Cramer,johnsonscott-830,F,1945-09-22,1
832,David,Olson,susan45-831,F,1938-11-21,1
833,Gary,Moten,smithchristopher-832,M,1919-02-15,1
834,Roy,Rice,pamelaclark-833,F,1918-10-22,1
835,Bradford,Jenkins,kevinschaefer-834,M,1970-03-16,1
836,Nathaniel,Whalen,howardchristopher-835,F,2019-09-22,1
837,Nelson,Ortega,marydominguez-836,F,1959-03-01,1
838,Stephen,Osburn,davidarroyo-837,F,1922-02-24,1
839,Michael,Dresbach,christopherhill-838,F,1946-05-04,1
840,Brandon,Moretz,princesteven-839,F,2016-05-16,1
841,Gordon,Beck,torresjohn-840,M,2019-03-11,1
842,Bruce,Bell,brookenolan-841,M,1922-12-12,1
843,Timothy,White,belinda49-842,M,1937-11-21,1
844,Roosevelt,Helems,tthomas-843,M,1914-04-05,1
845,Frederick,Stoughton,nelsondaniel-844,M,1973-07-27,1
846,Glenn,Alexander,kennethhernandez-845,F,1904-10-17,1
847,Leonard,Mease,oharrell-846,M,1962-06-01,1
848,Hector,Parker,pamela09-847,M,1926-07-10,1
849,John,Shankle,henryhicks-848,F,2018-03-16,1
850,Terry,Heyward,whitemeredith-849,M,1908-12-14,1
851,Larry,Scharmer,smithtravis-850,M,2009-08-03,1
852,Peter,Mcclure,stephanieholmes-851,M,1949-09-07,1
853,Marvin,Mcbroom,karnold-852,F,1957-01-04,1
854,Don,Aguilar,ashleyrussell-853,M,1952-04-07,1
855,Albert,Derrick,julie65-854,F,1954-07-15,1
856,Timothy,Shively,gardnermeghan-855,M,1998-07-14,1
857,Ronald,Ibarra,cody83-856,M,1969-01-18,1
858,Scott,Albrecht,johnstonjoseph-857,M,2018-04-09,1
859,Ellis,Shaffer,matthewbrown-858,F,1965-06-01,1
860,Frank,Gallegos,justinfernandez-859,F,2017-09-27,1
861,Dennis,Klish,brian20-860,M,1916-09-08,1
862,Michael,Hamilton,ucaldwell-861,F,2008-01-03,1
863,Mark,Oxford,ashley63-862,M,1992-01-04,1
864,Earl,Sicard,fadkins-863,F,1920-02-26,1
865,William,Weir,kennethwilliams-864,M,1943-12-27,1
866,Lee,Cervantes,robertkaufman-865,M,1987-01-28,1
867,Thomas,Hall,jasonbarnes-866,M,1921-09-16,1
868,Jake,Swendsen,caseygregory-867,M,2004-08-08,1
869,Steven,Brewer,velliott-868,M,1979-02-04,1
870,Christopher,Hosle,jmartinez-869,F,1955-08-10,1
871,Richard,Leslie,ahenry-870,F,1935-01-17,1
872,Keith,Pannell,apeterson-871,M,1949-11-11,1
873,Wilbur,Raether,timothy90-872,M,2006-03-26,1
874,Bobby,Jefferson,jesuspatterson-873,M,1989-08-13,1
875,William,Edwards,rgomez-874,F,1957-04-02,1
876,Bruce,Lane,cadams-875,F,1995-08-27,1
877,Tom,Mitchell,jessicabailey-876,M,1947-04-03,1
878,Luis,Duda,grossrodney-877,F,1996-05-25,1
879,Jose,Walter,marcus74-878,F,1914-01-18,1
880,Vincent,Dillard,austinstevenson-879,F,1999-07-29,1
881,Miguel,Smith,jessicasanchez-880,F,1997-06-19,1
882,Ronald,Groff,molly42-881,M,1980-10-26,1
883,Richard,Harrison,gwiley-882,M,1981-06-11,1
884,John,Howard,beltranjoseph-883,F,1970-10-10,1
885,Stanley,Moss,clairedavis-884,F,1909-01-21,1
886,John,Quaranto,adamskathryn-885,M,1972-05-07,1
887,Arnold,Brooks,tylercooley-886,M,2015-12-09,1
888,Robert,Nelson,llopez-887,M,1994-06-14,1
889,Robert,Laffey,qfarmer-888,M,1980-11-26,1
890,Michael,Hawthorne,christopher50-889,F,1904-10-15,1
891,Jerome,Winkelpleck,ianmiller-890,F,1931-06-10,1
892,John,Pope,gentrymatthew-891,M,1930-08-22,1
893,Edward,Vazquez,alisonvance-892,M,1997-10-21,1
894,Santos,Guss,allison56-893,F,1952-04-14,1
895,Joshua,Santos,stoutmonica-894,M,2016-03-03,1
896,Wayne,Smith,travishardy-895,M,1932-09-02,1
897,James,Dilly,kevin28-896,F,1998-04-27,1
898,Joe,Hall,shawnmiller-897,M,1971-09-28,1
899,Lance,Rivera,laura44-898,F,1957-09-02,1
900,Ray,Gomez,shaun10-899,M,2019-03-08,1
901,James,Vega,barronrandall-900,F,1914-11-12,1
902,Milton,Randolph,webbdavid-901,F,1970-11-24,1
903,Ronald,Mosier,deborahross-902,M,1951-02-01,1
904,Daniel,Suarez,christine80-903,F,1969-03-13,1
905,Brian,Dickson,krystal87-904,M,1950-03-20,1
906,Daniel,Wagner,smithbarbara-905,F,1989-09-12,1
907,Dale,Kennedy,zfoster-906,M,1976-11-17,1
908,Brian,Chang,sarahchavez-907,F,1941-11-03,1
909,Richard,Baker,virginia18-908,M,1922-07-19,1
910,Joshua,Looney,millsgabrielle-909,M,1911-04-01,1
911,Timothy,Mclaughlin,jamesgoodwin-910,M,1943-02-15,1
912,Rex,Anderson,jlee-911,F,1906-02-02,1
913,Samuel,Williams,burkedouglas-912,F,1927-01-02,1
914,Duane,Flanagan,ashleycraig-913,M,1904-11-26,1
915,Michael,Gagner,tammy43-914,M,1978-03-10,1
916,Jeremy,Smith,nina28-915,F,1965-01-20,1
917,Brandon,Vallarta,gmcintyre-916,F,1924-01-15,1
918,Delbert,Bream,jmclean-917,M,1964-08-23,1
919,Jimmie,Sule,robertsimpson-918,F,1910-01-29,1
920,Harrison,Wargo,mwilliams-919,M,2009-07-22,1
921,Floyd,Silva,vjackson-920,F,1940-07-31,1
922,Joseph,Alsdon,natashaparks-921,F,1944-11-14,1
923,Nolan,Bolinger,lisa44-922,F,1913-08-28,1
924,Gabriel,Welch,mayeremily-923,M,1996-08-21,1
925,Kenton,Ley,joshua45-924,F,1910-08-26,1
926,Floyd,Alexander,laurenlarsen-925,M,1972-08-10,1
927,Gerard,Berry,elyons-926,F,1972-02-27,1
928,Manuel,Kenney,kcooper-927,M,1978-11-11,1
929,Thomas,Mcintire,rsandoval-928,M,1980-03-27,1
930,Roberto,Mahone,tammy28-929,F,1975-09-02,1
931,Jonathan,Lyons,pmcgee-930,F,1977-03-07,1
932,Joseph,Kess,garciawillie-931,F,1916-10-31,1
933,Charles,Rivera,pamela75-932,F,1966-07-09,1
934,Mario,Wood,oochoa-933,M,1988-03-26,1
935,Mike,Kahola,curtismaureen-934,F,1974-04-08,1
936,Ralph,Hoffman,mariabailey-935,F,1946-10-05,1
937,Wesley,Bessick,taylor96-936,F,1967-06-17,1
938,Gilbert,Cole,roblesjamie-937,M,1954-04-24,1
939,Matthew,Brentson,joshua29-938,M,1971-04-28,1
940,Thomas,Galligan,tmartinez-939,F,1938-05-29,1
941,Steve,Gallman,srivera-940,F,1991-03-04,1
942,Lonnie,Breece,beth45-941,F,1960-01-15,1
943,Jeffrey,Swindell,jack26-942,F,1977-08-22,1
944,Milford,Tabb,matthew72-943,M,1990-05-03,1
945,Herbert,Harris,serranokristi-944,F,1958-06-14,1
946,Cleveland,Sites,hjohnson-945,F,1969-01-07,1
947,Michael,Powers,benjamin87-946,M,1989-03-25,1
948,Raymond,Montz,thomasvanessa-947,M,1927-08-15,1
949,George,Smith,ryan46-948,F,1937-11-06,1
950,Tommy,Stade,edwardsashley-949,M,1991-02-14,1
951,Max,Favero,sheribrown-950,M,1952-04-23,1
952,Richard,Hart,krystalcrawford-951,M,1913-12-27,1
953,Craig,Williams,christopherarias-952,F,1967-01-21,1
954,Rob,Walles,briggscheryl-953,M,1962-02-24,1
955,Robert,Luccous,smithpeggy-954,M,1905-08-12,1
956,James,Hamilton,ericbernard-955,F,1952-11-09,1
957,Richard,Quintana,kellykristen-956,F,1912-10-26,1
958,Bruce,Ernest,fcontreras-957,M,1958-02-25,1
959,Charles,Salomone,rodriguezdaniel-958,M,2019-02-01,1
960,James,Schmidt,craigreyes-959,F,1918-11-02,1
961,Clifford,Adams,donna24-960,F,1964-07-30,1
962,Scott,Beauvais,oroberts-961,F,2005-11-27,1
963,Gary,Santiago,brandy36-962,M,1920-06-26,1
964,Timothy,Cummings,gflowers-963,M,2008-04-16,1
965,David,Whaley,zbrown-964,M,1938-06-06,1
966,Norman,Faulkner,paulawarner-965,M,1938-10-08,1
967,Shelby,Thomas,tiffany72-966,M,1925-05-28,1
968,Anthony,Barney,garymartin-967,M,2015-10-22,1
969,Kevin,Gould,samantha33-968,F,2016-10-21,1
970,Micheal,Turner,tpowell-969,F,1981-05-29,1
971,Jeffrey,Reyes,smithlaura-970,M,1972-02-14,1
972,Gordon,Goolsby,denise07-971,M,1957-07-07,1
973,James,Levy,ballarddavid-972,F,1976-09-12,1
974,Troy,Tobias,andrewglover-973,F,1912-12-19,1
975,Andrew,Broome,xcarter-974,M,1951-11-23,1
976,John,Musumeci,david83-975,F,1981-04-24,1
977,Philip,Alford,mark77-976,F,1916-06-05,1
978,Bobby,Frieden,alexis37-977,M,1985-06-30,1
979,Robert,Bice,brian29-978,M,1965-08-28,1
980,Mark,Broadwell,michael78-979,M,1990-12-26,1
981,Michael,Miles,steve93-980,M,1997-06-02,1
982,Kurt,Timm,brucetiffany-981,F,1918-12-03,1
983,Harold,Barton,ariaslaura-982,M,1995-08-05,1
984,Glenn,Coffman,ocarlson-983,F,2014-05-31,1
985,Bruce,Williams,chloemoon-984,M,1997-05-19,1
986,Clinton,Dean,ahoffman-985,F,1979-05-17,1
987,Mack,Barberio,cchambers-986,F,2010-02-12,1
988,Clarence,Mcelroy,susan31-987,M,1972-02-02,1
989,Gregory,Pham,tmcconnell-988,M,1956-08-22,1
990,Matthew,Vaux,william74-989,M,1997-04-10,1
991,Scott,Collins,charles44-990,F,1961-01-18,1
992,Tony,Sanders,allenamy-991,F,1977-05-20,1
993,Toby,Boyd,kathryn37-992,F,1965-07-12,1
994,Ronald,Mueller,shane19-993,F,2010-12-31,1
995,Donald,Rollins,wallacejon-994,M,2010-06-04,1
996,Patrick,Peace,pmccormick-995,M,2008-09-18,1
997,Charles,Nichols,jessicakim-996,F,1938-03-22,1
998,Ronald,Wong,toddbishop-997,M,1972-05-14,1
999,Harry,Chatman,john94-998,M,1934-10-02,1
1000,Martin,Stoffel,zturner-999,M,1996-05-07,1
